,Any,Literal,Codi,Densitat comercial
0,2017,Abella de la Conca,250019,565
1,2017,Abrera,080018,2612
2,2017,Àger,250024,2568
3,2017,Agramunt,250030,3109
4,2017,Aguilar de Segarra,080023,2251
5,2017,Agullana,170010,3035
6,2017,Aiguafreda,080142,1839
7,2017,Aiguamúrcia,430017,748
8,2017,Aiguaviva,170025,1067
9,2017,Aitona,250387,1069
10,2017,"Alamús, els",250045,2607
11,2017,Alàs i Cerc,250058,291
12,2017,"Albagés, l'",250061,351
13,2017,Albanyà,170031,809
14,2017,Albatàrrec,250077,475
15,2017,Albesa,250083,351
16,2017,"Albi, l'",250096,589
17,2017,Albinyana,430022,530
18,2017,"Albiol, l'",430038,0
19,2017,Albons,170046,156
20,2017,Alcanar,430043,1661
21,2017,Alcanó,250100,181
22,2017,Alcarràs,250117,2248
23,2017,Alcoletge,250122,1552
24,2017,Alcover,430056,2019
25,2017,"Aldea, l'",439044,2626
26,2017,Aldover,430069,445
27,2017,"Aleixar, l'",430075,439
28,2017,Alella,080039,1429
29,2017,Alfara de Carles,430081,580
30,2017,Alfarràs,250138,2035
31,2017,Alfés,250143,2188
32,2017,Alforja,430094,888
33,2017,Algerri,250156,1010
34,2017,Alguaire,250169,1965
35,2017,Alins,250175,31
36,2017,Alió,430108,127
37,2017,Almacelles,250194,2005
38,2017,Almatret,250208,881
39,2017,Almenar,250215,2787
40,2017,Almoster,430115,582
41,2017,Alòs de Balaguer,250220,0
42,2017,Alp,170062,2344
43,2017,Alpens,080044,495
44,2017,Alpicat,250236,1560
45,2017,Alt Àneu,250241,1007
46,2017,Altafulla,430120,1895
47,2017,Amer,170078,979
48,2017,"Ametlla de Mar, l'",430136,2586
49,2017,"Ametlla del Vallès, l'",080057,2677
50,2017,"Ampolla, l'",439060,2487
51,2017,Amposta,430141,3277
52,2017,Anglès,170084,1523
53,2017,Anglesola,250273,1303
54,2017,Arbeca,250292,1123
55,2017,"Arboç, l'",430167,2559
56,2017,Arbolí,430154,179
57,2017,Arbúcies,170097,1349
58,2017,Arenys de Mar,080060,1791
59,2017,Arenys de Munt,080076,1226
60,2017,Argelaguer,170101,300
61,2017,Argençola,080082,0
62,2017,"Argentera, l'",430173,2400
63,2017,Argentona,080095,948
64,2017,"Armentera, l'",170118,720
65,2017,Arnes,430189,739
66,2017,Arres,250313,0
67,2017,Arsèguel,250328,268
68,2017,Artés,080109,1449
69,2017,Artesa de Lleida,250334,2385
70,2017,Artesa de Segre,250349,5287
71,2017,Ascó,430192,2145
72,2017,Aspa,250365,84
73,2017,"Avellanes i Santa Linya, les",250371,2585
74,2017,Avià,080116,503
75,2017,Avinyó,080121,1000
76,2017,Avinyonet de Puigventós,170123,1314
77,2017,Avinyonet del Penedès,080137,842
78,2017,Badalona,080155,1674
79,2017,Badia del Vallès,089045,565
80,2017,Bagà,080168,1347
81,2017,Baix Pallars,250390,117
82,2017,Balaguer,250404,2456
83,2017,Balenyà,080174,2204
84,2017,Balsareny,080180,830
85,2017,Banyeres del Penedès,430206,552
86,2017,Banyoles,170157,2075
87,2017,Barbens,250411,1018
88,2017,Barberà de la Conca,430213,539
89,2017,Barberà del Vallès,082520,2954
90,2017,Barcelona,080193,2015
91,2017,"Baronia de Rialb, la",250426,128
92,2017,Bàscara,170160,2590
93,2017,Bassella,250447,1358
94,2017,Batea,430228,1205
95,2017,Bausen,250450,15657
96,2017,Begues,080207,1056
97,2017,Begur,170139,4127
98,2017,Belianes,250463,1364
99,2017,Bell-lloc d'Urgell,250485,1325
100,2017,Bellaguarda,251706,161
101,2017,Bellcaire d'Empordà,170182,3972
102,2017,Bellcaire d'Urgell,250479,1826
103,2017,Bellmunt d'Urgell,250498,0
104,2017,Bellmunt del Priorat,430234,352
105,2017,Bellprat,080214,2324
106,2017,Bellpuig,250501,2206
107,2017,Bellvei,430249,5209
108,2017,Bellver de Cerdanya,250518,1722
109,2017,Bellvís,250523,2586
110,2017,Benavent de Segrià,250539,1207
111,2017,Benifallet,430252,678
112,2017,Benissanet,430265,380
113,2017,Berga,080229,3020
114,2017,Besalú,170195,2869
115,2017,Bescanó,170209,1711
116,2017,Beuda,170216,0
117,2017,Bigues i Riells,080235,686
118,2017,Biosca,250557,151
119,2017,"Bisbal d'Empordà, la",170221,3500
120,2017,"Bisbal de Falset, la",430271,300
121,2017,"Bisbal del Penedès, la",430287,467
122,2017,Biure,172348,3043
123,2017,Blancafort,430290,26
124,2017,Blanes,170237,2499
125,2017,Boadella i les Escaules,170293,577
126,2017,Bolvir,170242,345
127,2017,Bonastre,430304,301
128,2017,"Bòrdes, Es",250576,0
129,2017,Bordils,170255,1509
130,2017,"Borges Blanques, les",250582,1780
131,2017,"Borges del Camp, les",430311,877
132,2017,Borrassà,170268,1021
133,2017,Borredà,080240,1071
134,2017,Bossòst,250595,5804
135,2017,Bot,430326,519
136,2017,Botarell,430332,198
137,2017,Bovera,250560,211
138,2017,Bràfim,430347,237
139,2017,Breda,170274,1433
140,2017,"Bruc, el",080253,1634
141,2017,"Brull, el",080266,0
142,2017,Brunyola,170280,2000
143,2017,Cabacés,430350,489
144,2017,Cabanabona,250609,62
145,2017,Cabanelles,170314,362
146,2017,Cabanes,170307,2156
147,2017,"Cabanyes, les",080272,1528
148,2017,Cabó,250616,0
149,2017,Cabra del Camp,430363,299
150,2017,Cabrera d'Anoia,080288,1570
151,2017,Cabrera de Mar,080291,9665
152,2017,Cabrils,080305,1001
153,2017,Cadaqués,170329,1824
154,2017,Calaf,080312,1565
155,2017,Calafell,430379,1777
156,2017,Calders,080348,1030
157,2017,Caldes d'Estrac,080327,348
158,2017,Caldes de Malavella,170335,740
159,2017,Caldes de Montbui,080333,2122
160,2017,Calella,080351,2297
161,2017,Calldetenes,080370,887
162,2017,Callús,080386,693
163,2017,Calonge,080364,2103
164,2017,Calonge de Segarra,170340,66
165,2017,Camarasa,250621,1108
166,2017,Camarles,439039,1816
167,2017,Cambrils,430385,1626
168,2017,Camós,170353,185
169,2017,Campdevànol,170366,2990
170,2017,Campelles,170372,0
171,2017,Campins,080399,18
172,2017,Campllong,170388,1246
173,2017,Camprodon,170391,2606
174,2017,Canejan,250637,0
175,2017,Canet d'Adri,170405,376
176,2017,Canet de Mar,080403,1207
177,2017,"Canonja, la",439076,1537
178,2017,Canovelles,080410,1422
179,2017,Cànoves i Samalús,080425,361
180,2017,Cantallops,170412,0
181,2017,Canyelles,080431,846
182,2017,Capafonts,430398,1598
183,2017,Capçanes,430402,337
184,2017,Capellades,080446,1274
185,2017,Capmany,170427,1722
186,2017,Capolat,080459,0
187,2017,Cardedeu,080462,1903
188,2017,Cardona,080478,2209
189,2017,Carme,080484,521
190,2017,Caseres,430419,885
191,2017,Cassà de la Selva,170448,1621
192,2017,Casserres,080497,1186
193,2017,Castell de l'Areny,080575,246
194,2017,Castell de Mur,259046,0
195,2017,Castell-Platja d'Aro,170486,6672
196,2017,Castellar de la Ribera,250642,0
197,2017,Castellar de n'Hug,080522,1811
198,2017,Castellar del Riu,080500,614
199,2017,Castellar del Vallès,080517,1818
200,2017,Castellbell i el Vilar,080538,1315
201,2017,Castellbisbal,080543,1766
202,2017,Castellcir,080556,481
203,2017,Castelldans,250674,1021
204,2017,Castelldefels,080569,1741
205,2017,Castellet i la Gornal,080581,1543
206,2017,Castellfollit de la Roca,170464,951
207,2017,Castellfollit de Riubregós,080608,750
208,2017,Castellfollit del Boix,080594,280
209,2017,Castellgalí,080615,445
210,2017,Castellnou de Bages,080620,37
211,2017,Castellnou de Seana,250680,392
212,2017,Castelló d'Empúries,170470,4510
213,2017,Castelló de Farfanya,250693,260
214,2017,Castellolí,080636,977
215,2017,Castellserà,250707,1071
216,2017,Castellterçol,080641,1099
217,2017,Castellvell del Camp,430424,130
218,2017,Castellví de la Marca,080654,824
219,2017,Castellví de Rosanes,080667,372
220,2017,"Catllar, el",430430,1918
221,2017,Cava,250714,0
222,2017,"Cellera de Ter, la",171899,2817
223,2017,Celrà,170499,1695
224,2017,Centelles,080673,1587
225,2017,Cercs,082687,589
226,2017,Cerdanyola del Vallès,082665,1325
227,2017,Cervelló,080689,863
228,2017,Cervera,250729,2239
229,2017,Cervià de les Garrigues,250735,555
230,2017,Cervià de Ter,170502,428
231,2017,Cistella,170519,145
232,2017,Ciutadilla,250740,1272
233,2017,Clariana de Cardener,250753,276
234,2017,"Cogul, el",250766,568
235,2017,Colera,170545,734
236,2017,Coll de Nargó,250772,1932
237,2017,Collbató,080692,578
238,2017,Colldejou,430458,0
239,2017,Collsuspina,080706,447
240,2017,Colomers,170558,50
241,2017,"Coma i la Pedra, la",251636,394
242,2017,Conca de Dalt,251615,240
243,2017,Conesa,430461,0
244,2017,Constantí,430477,1633
245,2017,Copons,080713,491
246,2017,Corbera d'Ebre,430483,1260
247,2017,Corbera de Llobregat,080728,830
248,2017,Corbins,250788,874
249,2017,Corçà,170577,2018
250,2017,Cornellà de Llobregat,080734,2211
251,2017,Cornellà del Terri,170561,1791
252,2017,Cornudella de Montsant,430496,1595
253,2017,Creixell,430509,1340
254,2017,Crespià,170583,54
255,2017,"Cruïlles, Monells i Sant Sadurní de l'Heura",179011,194
256,2017,Cubelles,080749,1780
257,2017,Cubells,250791,343
258,2017,Cunit,430516,1057
259,2017,Darnius,170600,477
260,2017,Das,170617,1175
261,2017,Deltebre,439018,2366
262,2017,Dosrius,080752,580
263,2017,Duesaigües,430537,749
264,2017,"Escala, l'",170622,3059
265,2017,Esparreguera,080765,1369
266,2017,Espinelves,170638,818
267,2017,"Espluga Calba, l'",250812,471
268,2017,"Espluga de Francolí, l'",430542,1593
269,2017,Esplugues de Llobregat,080771,1323
270,2017,Espolla,170643,480
271,2017,Esponellà,170656,164
272,2017,Espot,250827,589
273,2017,"Espunyola, l'",080787,896
274,2017,"Esquirol, l'",082541,638
275,2017,Estamariu,250886,0
276,2017,"Estany, l'",080790,341
277,2017,Estaràs,250851,0
278,2017,Esterri d'Àneu,250864,2817
279,2017,Esterri de Cardós,250870,0
280,2017,Falset,430555,2325
281,2017,"Far d'Empordà, el",170059,1083
282,2017,Farrera,250899,0
283,2017,"Fatarella, la",430568,721
284,2017,"Febró, la",430574,1357
285,2017,Figaró-Montmany,081347,568
286,2017,Fígols,080804,0
287,2017,Fígols i Alinyà,259084,0
288,2017,"Figuera, la",430580,0
289,2017,Figueres,170669,3488
290,2017,Figuerola del Camp,430593,1406
291,2017,Flaçà,170675,711
292,2017,Flix,430607,2439
293,2017,"Floresta, la",250925,645
294,2017,Fogars de la Selva,080826,1141
295,2017,Fogars de Montclús,080811,129
296,2017,Foixà,170681,831
297,2017,Folgueroles,080832,544
298,2017,Fondarella,250931,4118
299,2017,Fonollosa,080847,217
300,2017,Font-rubí,080850,333
301,2017,Fontanals de Cerdanya,170694,290
302,2017,Fontanilles,170708,993
303,2017,Fontcoberta,170715,887
304,2017,Foradada,250946,0
305,2017,Forallac,179026,6450
306,2017,Forès,430614,0
307,2017,Fornells de la Selva,170736,8254
308,2017,Fortià,170741,5723
309,2017,"Franqueses del Vallès, les",080863,2191
310,2017,Freginals,430629,322
311,2017,"Fuliola, la",250962,1758
312,2017,Fulleda,250978,0
313,2017,Gaià,080902,321
314,2017,"Galera, la",430635,1524
315,2017,Gallifa,080879,0
316,2017,Gandesa,430640,2684
317,2017,Garcia,430653,557
318,2017,"Garidells, els",430666,129
319,2017,"Garriga, la",080885,2007
320,2017,Garrigàs,170754,2755
321,2017,Garrigoles,170767,198
322,2017,Garriguella,170773,573
323,2017,Gavà,080898,2258
324,2017,Gavet de la Conca,250984,0
325,2017,Gelida,080919,922
326,2017,Ger,170789,856
327,2017,Gimenells i el Pla de la Font,259123,1711
328,2017,Ginestar,430672,444
329,2017,Girona,170792,2703
330,2017,Gironella,080924,1713
331,2017,Gisclareny,080930,0
332,2017,Godall,430688,620
333,2017,Golmés,250997,11089
334,2017,Gombrèn,170806,854
335,2017,Gósol,251001,446
336,2017,"Granada, la",080945,1862
337,2017,"Granadella, la",251018,902
338,2017,Granera,080958,0
339,2017,"Granja d'Escarp, la",251023,592
340,2017,Granollers,080961,3091
341,2017,Granyanella,251039,48027
342,2017,Granyena de les Garrigues,251057,38
343,2017,Granyena de Segarra,251044,0
344,2017,Gratallops,430691,1540
345,2017,Gualba,080977,888
346,2017,Gualta,170813,3487
347,2017,Guardiola de Berguedà,080996,1625
348,2017,"Guiamets, els",430705,0
349,2017,Guils de Cerdanya,170828,179
350,2017,Guimerà,251095,3286
351,2017,"Guingueta d'Àneu, la",259031,0
352,2017,Guissona,251109,1284
353,2017,Guixers,251116,0
354,2017,Gurb,081000,3837
355,2017,Horta de Sant Joan,430712,1560
356,2017,"Hospitalet de Llobregat, l'",081017,1427
357,2017,"Hostalets de Pierola, els",081629,652
358,2017,Hostalric,170834,1678
359,2017,Igualada,081022,3034
360,2017,Isona i Conca Dellà,251155,1056
361,2017,Isòvol,170849,0
362,2017,Ivars d'Urgell,251137,883
363,2017,Ivars de Noguera,251121,69
364,2017,Ivorra,251142,0
365,2017,Jafre,170852,570
366,2017,"Jonquera, la",170865,24411
367,2017,Jorba,081038,1999
368,2017,Josa i Tuixén,259101,296
369,2017,Juià,170871,437
370,2017,Juncosa,251180,1159
371,2017,Juneda,251193,1164
372,2017,Les,251214,6095
373,2017,Linyola,251229,890
374,2017,"Llacuna, la",081043,535
375,2017,Lladó,170887,294
376,2017,Lladorre,251235,267
377,2017,Lladurs,251240,1339
378,2017,"Llagosta, la",081056,1074
379,2017,Llagostera,170890,1643
380,2017,Llambilles,170904,2475
381,2017,Llanars,170911,732
382,2017,Llançà,170926,2231
383,2017,Llardecans,251253,1770
384,2017,Llavorsí,251266,2412
385,2017,Lleida,251207,2596
386,2017,Llers,170932,5298
387,2017,Lles de Cerdanya,251272,953
388,2017,Lliçà d'Amunt,081075,881
389,2017,Lliçà de Vall,081081,3308
390,2017,Llimiana,251288,458
391,2017,Llinars del Vallès,081069,2474
392,2017,Llívia,170947,1427
393,2017,"Lloar, el",430727,444
394,2017,Llobera,251291,428
395,2017,Llorac,430733,0
396,2017,Llorenç del Penedès,430748,1576
397,2017,Lloret de Mar,170950,2654
398,2017,"Llosses, les",170963,119
399,2017,Lluçà,081094,308
400,2017,Maçanet de Cabrenys,171024,1289
401,2017,Maçanet de la Selva,171030,1617
402,2017,Madremanya,170979,0
403,2017,Maià de Montcal,170985,137
404,2017,Maials,251333,657
405,2017,Maldà,251305,811
406,2017,Malgrat de Mar,081108,1808
407,2017,Malla,081115,39795
408,2017,Manlleu,081120,1754
409,2017,Manresa,081136,3008
410,2017,Marçà,430764,679
411,2017,Margalef,430751,723
412,2017,Marganell,082423,0
413,2017,Martorell,081141,2535
414,2017,Martorelles,081154,1690
415,2017,Mas de Barberans,430770,545
416,2017,Masarac,171002,774
417,2017,Masdenverge,430786,970
418,2017,"Masies de Roda, les",081167,1451
419,2017,"Masies de Voltregà, les",081173,1220
420,2017,Masllorenç,430799,7550
421,2017,"Masnou, el",081189,1403
422,2017,"Masó, la",430803,0
423,2017,Maspujols,430810,243
424,2017,Masquefa,081192,1652
425,2017,"Masroig, el",430825,557
426,2017,Massalcoreig,251312,325
427,2017,Massanes,171019,119
428,2017,Massoteres,251327,0
429,2017,Matadepera,081206,565
430,2017,Mataró,081213,2231
431,2017,Mediona,081228,687
432,2017,Menàrguens,251348,283
433,2017,Meranges,170998,0
434,2017,Mieres,171058,53
435,2017,"Milà, el",430831,71
436,2017,Miralcamp,251351,289
437,2017,Miravet,430846,968
438,2017,Moià,081385,1630
439,2017,"Molar, el",430859,1112
440,2017,Molins de Rei,081234,2043
441,2017,Mollerussa,251370,2770
442,2017,Mollet de Peralada,171061,0
443,2017,Mollet del Vallès,081249,1973
444,2017,Molló,171077,149
445,2017,"Molsosa, la",251364,0
446,2017,Monistrol de Calders,081287,510
447,2017,Monistrol de Montserrat,081271,1442
448,2017,Mont-ral,430918,0
449,2017,Mont-ras,171100,5183
450,2017,Mont-roig del Camp,430923,1938
451,2017,Montagut i Oix,171096,381
452,2017,Montblanc,430862,2702
453,2017,Montbrió del Camp,430884,2247
454,2017,Montcada i Reixac,081252,1529
455,2017,Montclar,081304,0
456,2017,Montellà i Martinet,251399,1096
457,2017,Montesquiu,081311,552
458,2017,Montferrer i Castellbò,251403,6245
459,2017,Montferri,430897,134
460,2017,Montgai,251386,275
461,2017,Montgat,081265,923
462,2017,Montmajor,081326,255
463,2017,Montmaneu,081332,2026
464,2017,"Montmell, el",430901,221
465,2017,Montmeló,081350,1327
466,2017,Montoliu de Lleida,251425,514
467,2017,Montoliu de Segarra,251410,169
468,2017,Montornès de Segarra,251431,0
469,2017,Montornès del Vallès,081363,1482
470,2017,Montseny,081379,1907
471,2017,Móra d'Ebre,430939,3401
472,2017,Móra la Nova,430944,2138
473,2017,"Morell, el",430957,1262
474,2017,"Morera de Montsant, la",430960,734
475,2017,Muntanyola,081290,113
476,2017,Mura,081398,1656
477,2017,Nalec,251459,426
478,2017,Naut Aran,250254,2203
479,2017,Navarcles,081402,1190
480,2017,Navàs,081419,1698
481,2017,Navata,171117,305
482,2017,Navès,251462,0
483,2017,"Nou de Berguedà, la",081424,96
484,2017,"Nou de Gaià, la",430976,872
485,2017,Nulles,430982,634
486,2017,Odèn,251484,707
487,2017,Òdena,081430,2506
488,2017,Ogassa,171122,123
489,2017,Olèrdola,081458,5935
490,2017,Olesa de Bonesvalls,081461,493
491,2017,Olesa de Montserrat,081477,1460
492,2017,Oliana,251497,4139
493,2017,Oliola,251500,0
494,2017,Olius,251517,863
495,2017,Olivella,081483,389
496,2017,Olost,081496,860
497,2017,Olot,171143,2311
498,2017,"Oluges, les",251522,0
499,2017,Olvan,081445,4171
500,2017,"Omellons, els",251538,0
501,2017,"Omells de na Gaia, els",251543,0
502,2017,Ordis,171156,137
503,2017,Organyà,251556,1496
504,2017,Orís,081509,0
505,2017,Oristà,081516,559
506,2017,Orpí,081521,0
507,2017,Òrrius,081537,307
508,2017,Os de Balaguer,251569,630
509,2017,Osor,171169,133
510,2017,Ossó de Sió,251575,0
511,2017,Pacs del Penedès,081542,980
512,2017,Palafolls,081555,1542
513,2017,Palafrugell,171175,2575
514,2017,Palamós,171181,3196
515,2017,"Palau d'Anglesola, el",251581,895
516,2017,Palau de Santa Eulàlia,171194,719
517,2017,Palau-sator,171215,912
518,2017,Palau-saverdera,171208,420
519,2017,Palau-solità i Plegamans,081568,1899
520,2017,"Pallaresos, els",431009,637
521,2017,Pallejà,081574,1113
522,2017,"Palma d'Ebre, la",430995,1062
523,2017,"Palma de Cervelló, la",089058,2707
524,2017,Palol de Revardit,171236,2786
525,2017,Pals,171241,1548
526,2017,"Papiol, el",081580,1687
527,2017,Pardines,171254,0
528,2017,Parets del Vallès,081593,1925
529,2017,Parlavà,171267,2470
530,2017,Passanant i Belltall,431016,0
531,2017,Pau,171289,845
532,2017,Paüls,431021,506
533,2017,Pedret i Marzà,171292,3323
534,2017,Penelles,251641,1248
535,2017,"Pera, la",171306,1586
536,2017,Perafita,081607,333
537,2017,Perafort,431037,2122
538,2017,Peralada,171328,477
539,2017,Peramola,251654,493
540,2017,"Perelló, el",431042,1365
541,2017,Piera,081614,1310
542,2017,"Piles, les",431055,0
543,2017,Pineda de Mar,081635,1758
544,2017,"Pinell de Brai, el",431068,1624
545,2017,Pinell de Solsonès,251667,616
546,2017,Pinós,251673,0
547,2017,Pira,431074,386
548,2017,"Pla de Santa Maria, el",431080,811
549,2017,"Pla del Penedès, el",081640,1579
550,2017,"Planes d'Hostoles, les",171334,915
551,2017,Planoles,171349,271
552,2017,"Plans de Sió, els",259118,957
553,2017,"Poal, el",251689,859
554,2017,"Pobla de Cérvoles, la",251692,222
555,2017,"Pobla de Claramunt, la",081653,1564
556,2017,"Pobla de Lillet, la",081666,997
557,2017,"Pobla de Mafumet, la",431093,1150
558,2017,"Pobla de Massaluca, la",431107,812
559,2017,"Pobla de Montornès, la",431114,312
560,2017,"Pobla de Segur, la",251713,3245
561,2017,Poboleda,431129,792
562,2017,Polinyà,081672,1410
563,2017,"Pont d'Armentera, el",431135,1729
564,2017,"Pont de Bar, el",250306,199
565,2017,Pont de Molins,171352,1782
566,2017,"Pont de Suert, el",251734,2202
567,2017,"Pont de Vilomara i Rocafort, el",081825,897
568,2017,Pontils,431418,0
569,2017,Pontons,081688,379
570,2017,Pontós,171365,538
571,2017,Ponts,251728,2153
572,2017,Porqueres,171371,897
573,2017,Porrera,431140,773
574,2017,"Port de la Selva, el",171404,3303
575,2017,Portbou,171387,2743
576,2017,"Portella, la",251749,1088
577,2017,Pradell de la Teixeta,431153,503
578,2017,Prades,431166,922
579,2017,Prat de Comte,431172,276
580,2017,"Prat de Llobregat, el",081691,2296
581,2017,Pratdip,431188,735
582,2017,Prats de Lluçanès,081712,2011
583,2017,"Prats de Rei, els",081705,1645
584,2017,Prats i Sansor,251752,8711
585,2017,Preixana,251765,756
586,2017,Preixens,251771,169
587,2017,Premià de Dalt,082303,918
588,2017,Premià de Mar,081727,1151
589,2017,"Preses, les",171390,5943
590,2017,Prullans,251790,1491
591,2017,Puig-reig,081751,1912
592,2017,Puigcerdà,171411,3091
593,2017,Puigdàlber,081748,512
594,2017,Puiggròs,251804,154
595,2017,Puigpelat,431191,916
596,2017,Puigverd d'Agramunt,251811,0
597,2017,Puigverd de Lleida,251826,581
598,2017,Pujalt,081764,246
599,2017,"Quar, la",081770,0
600,2017,Quart,171426,1149
601,2017,Queralbs,170433,131
602,2017,Querol,431205,0
603,2017,Rabós,171432,514
604,2017,Rajadell,081786,1340
605,2017,Rasquera,431212,1577
606,2017,Regencós,171447,9090
607,2017,Rellinars,081799,180
608,2017,Renau,431227,0
609,2017,Reus,431233,2654
610,2017,Rialp,251832,1467
611,2017,Riba-roja d'Ebre,431251,1159
612,2017,"Riba, la",431248,212
613,2017,Ribera d'Ondara,259059,236
614,2017,Ribera d'Urgellet,251850,183
615,2017,Ribes de Freser,171450,977
616,2017,Riells i Viabrea,171463,745
617,2017,"Riera de Gaià, la",431264,905
618,2017,Riner,251863,0
619,2017,Ripoll,171479,2104
620,2017,Ripollet,081803,1469
621,2017,Riu de Cerdanya,259139,0
622,2017,Riudarenes,171485,887
623,2017,Riudaura,171498,267
624,2017,Riudecanyes,431270,537
625,2017,Riudecols,431286,1193
626,2017,Riudellots de la Selva,171501,4527
627,2017,Riudoms,431299,3022
628,2017,Riumors,171518,459
629,2017,"Roca del Vallès, la",081810,2860
630,2017,Rocafort de Queralt,431303,465
631,2017,Roda de Berà,431310,4073
632,2017,Roda de Ter,081831,873
633,2017,Rodonyà,431325,6604
634,2017,Roquetes,431331,1218
635,2017,Roses,171523,2429
636,2017,Rosselló,251898,747
637,2017,"Rourell, el",431346,0
638,2017,Rubí,081846,1350
639,2017,Rubió,081859,187
640,2017,Rupià,171539,1837
641,2017,Rupit i Pruit,089019,1452
642,2017,Sabadell,081878,2057
643,2017,Sagàs,081884,110
644,2017,Salàs de Pallars,251902,228
645,2017,Saldes,081901,2167
646,2017,Sales de Llierca,171544,0
647,2017,Sallent,081918,2413
648,2017,Salomó,431359,494
649,2017,Salou,439057,1712
650,2017,Salt,171557,2078
651,2017,Sanaüja,251919,908
652,2017,Sant Adrià de Besòs,081944,1676
653,2017,Sant Agustí de Lluçanès,081957,1244
654,2017,Sant Andreu de la Barca,081960,1431
655,2017,Sant Andreu de Llavaneres,081976,1322
656,2017,Sant Andreu Salou,171576,813
657,2017,Sant Aniol de Finestres,171833,314
658,2017,Sant Antoni de Vilamajor,081982,1100
659,2017,Sant Bartomeu del Grau,081995,62
660,2017,Sant Boi de Llobregat,082009,2120
661,2017,Sant Boi de Lluçanès,082016,948
662,2017,Sant Carles de la Ràpita,431362,2020
663,2017,Sant Cebrià de Vallalta,082037,1063
664,2017,Sant Celoni,082021,2659
665,2017,Sant Climent de Llobregat,082042,405
666,2017,Sant Climent Sescebes,171582,409
667,2017,Sant Cugat del Vallès,082055,1705
668,2017,Sant Cugat Sesgarrigues,082068,6973
669,2017,Sant Esteve de la Sarga,251961,0
670,2017,Sant Esteve de Palautordera,082074,795
671,2017,Sant Esteve Sesrovires,082080,1333
672,2017,Sant Feliu de Buixalleu,171595,2516
673,2017,Sant Feliu de Codines,082107,791
674,2017,Sant Feliu de Guíxols,171609,1944
675,2017,Sant Feliu de Llobregat,082114,1386
676,2017,Sant Feliu de Pallerols,171616,545
677,2017,Sant Feliu Sasserra,082129,551
678,2017,Sant Ferriol,171621,715
679,2017,Sant Fost de Campsentelles,082093,941
680,2017,Sant Fruitós de Bages,082135,4202
681,2017,Sant Gregori,171637,925
682,2017,Sant Guim de Freixenet,251924,1932
683,2017,Sant Guim de la Plana,251977,0
684,2017,Sant Hilari Sacalm,171642,1740
685,2017,Sant Hipòlit de Voltregà,082153,1074
686,2017,Sant Iscle de Vallalta,081939,2059
687,2017,Sant Jaume d'Enveja,439023,1094
688,2017,Sant Jaume de Frontanyà,082166,433
689,2017,Sant Jaume de Llierca,171655,2219
690,2017,Sant Jaume dels Domenys,431378,1693
691,2017,Sant Joan de les Abadesses,171674,1253
692,2017,Sant Joan de Mollet,171680,295
693,2017,Sant Joan de Vilatorrada,082188,1586
694,2017,Sant Joan Despí,082172,1282
695,2017,Sant Joan les Fonts,171851,1283
696,2017,Sant Jordi Desvalls,171668,1040
697,2017,Sant Julià de Cerdanyola,089030,219
698,2017,Sant Julià de Ramis,171693,1779
699,2017,Sant Julià de Vilatorta,082205,388
700,2017,Sant Julià del Llor i Bonmatí,179032,379
701,2017,Sant Just Desvern,082212,1240
702,2017,Sant Llorenç d'Hortons,082227,1463
703,2017,Sant Llorenç de la Muga,171714,203
704,2017,Sant Llorenç de Morunys,251930,1756
705,2017,Sant Llorenç Savall,082233,879
706,2017,Sant Martí d'Albars,082251,0
707,2017,Sant Martí de Centelles,082248,563
708,2017,Sant Martí de Llémena,171729,78
709,2017,Sant Martí de Riucorb,259025,172
710,2017,Sant Martí de Tous,082264,1303
711,2017,Sant Martí Sarroca,082270,2203
712,2017,Sant Martí Sesgueioles,082286,596
713,2017,Sant Martí Vell,171735,0
714,2017,Sant Mateu de Bages,082299,571
715,2017,Sant Miquel de Campmajor,171740,0
716,2017,Sant Miquel de Fluvià,171753,4855
717,2017,Sant Mori,171766,491
718,2017,Sant Pau de Segúries,171772,902
719,2017,Sant Pere de Ribes,082310,1771
720,2017,Sant Pere de Riudebitlles,082325,1623
721,2017,Sant Pere de Torelló,082331,487
722,2017,Sant Pere de Vilamajor,082346,266
723,2017,Sant Pere Pescador,171788,4068
724,2017,Sant Pere Sallavinera,081897,3699
725,2017,Sant Pol de Mar,082359,1246
726,2017,Sant Quintí de Mediona,082362,958
727,2017,Sant Quirze de Besora,082378,1641
728,2017,Sant Quirze del Vallès,082384,2261
729,2017,Sant Quirze Safaja,082397,110
730,2017,Sant Ramon,251945,2690
731,2017,Sant Sadurní d'Anoia,082401,1725
732,2017,Sant Sadurní d'Osormort,082418,0
733,2017,Sant Salvador de Guardiola,080983,383
734,2017,Sant Vicenç de Castellet,082628,1050
735,2017,Sant Vicenç de Montalt,082649,1281
736,2017,Sant Vicenç de Torelló,082652,350
737,2017,Sant Vicenç dels Horts,082634,1551
738,2017,Santa Bàrbara,431384,1755
739,2017,Santa Cecília de Voltregà,082439,0
740,2017,Santa Coloma de Cervelló,082444,782
741,2017,Santa Coloma de Farners,171805,1684
742,2017,Santa Coloma de Gramenet,082457,1242
743,2017,Santa Coloma de Queralt,431397,2080
744,2017,Santa Cristina d'Aro,171812,1453
745,2017,Santa Eugènia de Berga,082460,1020
746,2017,Santa Eulàlia de Riuprimer,082476,547
747,2017,Santa Eulàlia de Ronçana,082482,937
748,2017,Santa Fe del Penedès,082495,463
749,2017,Santa Llogaia d'Àlguema,171827,17272
750,2017,Santa Margarida de Montbui,082508,1366
751,2017,Santa Margarida i els Monjos,082515,868
752,2017,Santa Maria d'Oló,082589,1048
753,2017,Santa Maria de Besora,082536,585
754,2017,Santa Maria de Martorelles,082567,100
755,2017,Santa Maria de Merlès,082554,0
756,2017,Santa Maria de Miralles,082573,5455
757,2017,Santa Maria de Palautordera,082592,1389
758,2017,Santa Oliva,431401,5487
759,2017,Santa Pau,171848,693
760,2017,Santa Perpètua de Mogoda,082606,1551
761,2017,Santa Susanna,082613,5191
762,2017,Santpedor,081923,1881
763,2017,Sarral,431423,696
764,2017,Sarrià de Ter,171864,5216
765,2017,Sarroca de Bellera,252017,1042
766,2017,Sarroca de Lleida,252000,246
767,2017,"Saus, Camallera i Llampaies",171870,1282
768,2017,Savallà del Comtat,431439,0
769,2017,"Secuita, la",431444,441
770,2017,"Selva de Mar, la",171886,372
771,2017,"Selva del Camp, la",431457,2316
772,2017,Senan,431460,0
773,2017,"Sénia, la",430445,4731
774,2017,Senterada,252022,412
775,2017,"Sentiu de Sió, la",250352,996
776,2017,Sentmenat,082671,1759
777,2017,Serinyà,171903,981
778,2017,Seròs,252043,1011
779,2017,Serra de Daró,171910,9078
780,2017,Setcases,171925,2110
781,2017,"Seu d'Urgell, la",252038,1930
782,2017,Seva,082690,328
783,2017,Sidamon,252056,2780
784,2017,Sils,171931,1405
785,2017,Sitges,082704,2052
786,2017,Siurana,170524,0
787,2017,Sobremunt,082711,0
788,2017,"Soleràs, el",252069,12
789,2017,Solivella,431476,925
790,2017,Solsona,252075,3276
791,2017,Sora,082726,2223
792,2017,Soriguera,252081,2
793,2017,Sort,252094,3648
794,2017,Soses,252108,2044
795,2017,Subirats,082732,875
796,2017,Sudanell,252115,681
797,2017,Sunyer,252120,5167
798,2017,Súria,082747,1445
799,2017,Susqueda,171946,0
800,2017,Tagamanent,082763,454
801,2017,Talamanca,082779,513
802,2017,Talarn,252154,3041
803,2017,Talavera,252167,688
804,2017,"Tallada d'Empordà, la",171959,1367
805,2017,Taradell,082785,1176
806,2017,Tarragona,431482,2436
807,2017,Tàrrega,252173,3040
808,2017,Tarrés,252189,626
809,2017,Tarroja de Segarra,252192,337
810,2017,Tavèrnoles,082750,0
811,2017,Tavertet,082802,0
812,2017,Teià,082819,1189
813,2017,Térmens,252206,2163
814,2017,Terrades,171962,98
815,2017,Terrassa,082798,1986
816,2017,Tiana,082824,583
817,2017,Tírvia,252213,0
818,2017,Tiurana,252228,0
819,2017,Tivenys,431495,779
820,2017,Tivissa,431508,801
821,2017,Tona,082830,1591
822,2017,Torà,252234,1435
823,2017,Tordera,082845,1602
824,2017,Torelló,082858,2079
825,2017,"Torms, els",252249,653
826,2017,Tornabous,252252,590
827,2017,"Torre de Cabdella, la",252271,211
828,2017,"Torre de Claramunt, la",082861,833
829,2017,"Torre de Fontaubella, la",431515,0
830,2017,"Torre de l'Espanyol, la",431520,339
831,2017,Torre-serona,252332,110
832,2017,Torrebesses,252265,331
833,2017,Torredembarra,431536,2232
834,2017,Torrefarrera,252287,3612
835,2017,Torrefeta i Florejacs,259078,208
836,2017,Torregrossa,252304,633
837,2017,Torrelameu,252311,1678
838,2017,Torrelavit,082877,908
839,2017,Torrelles de Foix,082883,855
840,2017,Torrelles de Llobregat,082896,578
841,2017,Torrent,171978,919
842,2017,Torres de Segre,252326,3239
843,2017,Torroella de Fluvià,171984,1298
844,2017,Torroella de Montgrí,171997,2529
845,2017,Torroja del Priorat,431541,691
846,2017,Tortellà,172001,1065
847,2017,Tortosa,431554,2794
848,2017,Toses,172018,0
849,2017,Tossa de Mar,172023,3110
850,2017,Tremp,252347,2868
851,2017,Ullà,172044,1230
852,2017,Ullastrell,082900,365
853,2017,Ullastret,172057,576
854,2017,Ulldecona,431567,1702
855,2017,Ulldemolins,431573,729
856,2017,Ultramort,172039,472
857,2017,Urús,172060,0
858,2017,Vacarisses,082917,1104
859,2017,"Vajol, la",170144,565
860,2017,"Vall d'en Bas, la",172076,630
861,2017,"Vall de Bianya, la",172082,639
862,2017,"Vall de Boí, la",250432,2075
863,2017,Vall de Cardós,259010,167
864,2017,Vall-llobrega,172095,3456
865,2017,Vallbona d'Anoia,082922,564
866,2017,Vallbona de les Monges,252385,518
867,2017,Vallcebre,082938,410
868,2017,Vallclara,431589,864
869,2017,Vallfogona de Balaguer,252402,4152
870,2017,Vallfogona de Ripollès,171707,157
871,2017,Vallfogona de Riucorb,431592,0
872,2017,Vallgorguina,082943,586
873,2017,Vallirana,082956,1199
874,2017,Vallmoll,431606,3026
875,2017,Vallromanes,082969,470
876,2017,Valls,431613,2613
877,2017,"Valls d'Aguilar, les",259062,249
878,2017,"Valls de Valira, les",252398,21
879,2017,Vandellòs i l'Hospitalet de l'Infant,431628,2810
880,2017,"Vansa i Fórnols, la",259097,300
881,2017,Veciana,082975,0
882,2017,"Vendrell, el",431634,2902
883,2017,Ventalló,172109,602
884,2017,Verdú,252424,1045
885,2017,Verges,172116,1443
886,2017,Vespella de Gaià,431649,0
887,2017,Vic,082981,3765
888,2017,Vidrà,172121,475
889,2017,Vidreres,172137,1438
890,2017,Vielha e Mijaran,252430,3818
891,2017,Vila-rodona,431704,2017
892,2017,Vila-sacra,172305,11643
893,2017,Vila-sana,252521,3799
894,2017,Vila-seca,431711,1971
895,2017,Vilabella,431652,1359
896,2017,Vilabertran,172142,275
897,2017,Vilablareix,172155,2321
898,2017,Vilada,082994,736
899,2017,Viladamat,172174,1878
900,2017,Viladasens,172168,0
901,2017,Viladecans,083015,1625
902,2017,Viladecavalls,083008,967
903,2017,Vilademuls,172180,762
904,2017,Viladrau,172207,944
905,2017,Vilafant,172214,303
906,2017,Vilafranca del Penedès,083054,3058
907,2017,Vilagrassa,252445,6592
908,2017,Vilajuïga,172235,824
909,2017,Vilalba dels Arcs,431750,258
910,2017,Vilalba Sasserra,083067,651
911,2017,Vilaller,252458,1124
912,2017,Vilallonga de Ter,172240,773
913,2017,Vilallonga del Camp,431665,2374
914,2017,Vilamacolum,172253,1535
915,2017,Vilamalla,172266,12215
916,2017,Vilamaniscle,172272,85
917,2017,Vilamòs,252477,6775
918,2017,Vilanant,172288,100
919,2017,Vilanova d'Escornalbou,431671,545
920,2017,Vilanova de Bellpuig,252483,242
921,2017,Vilanova de l'Aguda,252496,0
922,2017,Vilanova de la Barca,252542,1332
923,2017,Vilanova de Meià,252509,890
924,2017,Vilanova de Prades,431687,256
925,2017,Vilanova de Sau,083036,319
926,2017,Vilanova de Segrià,252516,225
927,2017,Vilanova del Camí,083020,1054
928,2017,Vilanova del Vallès,089024,1373
929,2017,Vilanova i la Geltrú,083073,2012
930,2017,Vilaplana,431690,313
931,2017,Vilassar de Dalt,082140,1317
932,2017,Vilassar de Mar,082191,1605
933,2017,Vilaür,172229,117
934,2017,Vilaverd,431726,1550
935,2017,"Vilella Alta, la",431732,386
936,2017,"Vilella Baixa, la",431747,0
937,2017,Vilobí d'Onyar,172333,908
938,2017,Vilobí del Penedès,083041,621
939,2017,Vilopriu,172327,0
940,2017,"Vilosell, el",252537,144
941,2017,Vimbodí i Poblet,431763,782
942,2017,Vinaixa,252555,683
943,2017,Vinebre,431779,696
944,2017,Vinyols i els Arcs,431785,4887
945,2017,Viver i Serrateix,083089,0
946,2017,Xerta,430521,566
947,2018,Abella de la Conca,250019,575
948,2018,Abrera,080018,1976
949,2018,Àger,250024,2471
950,2018,Agramunt,250030,2972
951,2018,Aguilar de Segarra,080023,2892
952,2018,Agullana,170010,2150
953,2018,Aiguafreda,080142,2174
954,2018,Aiguamúrcia,430017,656
955,2018,Aiguaviva,170025,1614
956,2018,Aitona,250387,1110
957,2018,"Alamús, els",250045,3466
958,2018,Alàs i Cerc,250058,316
959,2018,"Albagés, l'",250061,368
960,2018,Albanyà,170031,266
961,2018,Albatàrrec,250077,629
962,2018,Albesa,250083,303
963,2018,"Albi, l'",250096,655
964,2018,Albinyana,430022,605
965,2018,"Albiol, l'",430038,170
966,2018,Albons,170046,230
967,2018,Alcanar,430043,1779
968,2018,Alcanó,250100,190
969,2018,Alcarràs,250117,2386
970,2018,Alcoletge,250122,1559
971,2018,Alcover,430056,2010
972,2018,"Aldea, l'",439044,2899
973,2018,Aldover,430069,458
974,2018,"Aleixar, l'",430075,352
975,2018,Alella,080039,1403
976,2018,Alfara de Carles,430081,582
977,2018,Alfarràs,250138,2192
978,2018,Alfés,250143,2144
979,2018,Alforja,430094,974
980,2018,Algerri,250156,1293
981,2018,Alguaire,250169,2001
982,2018,Alins,250175,31
983,2018,Alió,430108,122
984,2018,Almacelles,250194,2171
985,2018,Almatret,250208,787
986,2018,Almenar,250215,2693
987,2018,Almoster,430115,494
988,2018,Alòs de Balaguer,250220,0
989,2018,Alp,170062,2467
990,2018,Alpens,080044,502
991,2018,Alpicat,250236,1573
992,2018,Alt Àneu,250241,298
993,2018,Altafulla,430120,1933
994,2018,Amer,170078,1168
995,2018,"Ametlla de Mar, l'",430136,2217
996,2018,"Ametlla del Vallès, l'",080057,2432
997,2018,"Ampolla, l'",439060,1791
998,2018,Amposta,430141,3514
999,2018,Anglès,170084,1525
1000,2018,Anglesola,250273,1205
1001,2018,Arbeca,250292,1036
1002,2018,"Arboç, l'",430167,2266
1003,2018,Arbolí,430154,190
1004,2018,Arbúcies,170097,1314
1005,2018,Arenys de Mar,080060,1593
1006,2018,Arenys de Munt,080076,1199
1007,2018,Argelaguer,170101,300
1008,2018,Argençola,080082,0
1009,2018,"Argentera, l'",430173,2512
1010,2018,Argentona,080095,935
1011,2018,"Armentera, l'",170118,717
1012,2018,Arnes,430189,682
1013,2018,Arres,250313,0
1014,2018,Arsèguel,250328,259
1015,2018,Artés,080109,1372
1016,2018,Artesa de Lleida,250334,2356
1017,2018,Artesa de Segre,250349,5238
1018,2018,Ascó,430192,2203
1019,2018,Aspa,250365,83
1020,2018,"Avellanes i Santa Linya, les",250371,2585
1021,2018,Avià,080116,520
1022,2018,Avinyó,080121,917
1023,2018,Avinyonet de Puigventós,170123,1357
1024,2018,Avinyonet del Penedès,080137,878
1025,2018,Badalona,080155,1597
1026,2018,Badia del Vallès,089045,577
1027,2018,Bagà,080168,1297
1028,2018,Baix Pallars,250390,173
1029,2018,Balaguer,250404,2400
1030,2018,Balenyà,080174,2158
1031,2018,Balsareny,080180,778
1032,2018,Banyeres del Penedès,430206,582
1033,2018,Banyoles,170157,2443
1034,2018,Barbens,250411,1314
1035,2018,Barberà de la Conca,430213,540
1036,2018,Barberà del Vallès,082520,2817
1037,2018,Barcelona,080193,1967
1038,2018,"Baronia de Rialb, la",250426,130
1039,2018,Bàscara,170160,2364
1040,2018,Bassella,250447,1346
1041,2018,Batea,430228,1272
1042,2018,Bausen,250450,1297
1043,2018,Begues,080207,1427
1044,2018,Begur,170139,1814
1045,2018,Belianes,250463,2253
1046,2018,Bell-lloc d'Urgell,250485,858
1047,2018,Bellaguarda,251706,150
1048,2018,Bellcaire d'Empordà,170182,3984
1049,2018,Bellcaire d'Urgell,250479,1657
1050,2018,Bellmunt d'Urgell,250498,0
1051,2018,Bellmunt del Priorat,430234,340
1052,2018,Bellprat,080214,2324
1053,2018,Bellpuig,250501,2187
1054,2018,Bellvei,430249,2782
1055,2018,Bellver de Cerdanya,250518,1912
1056,2018,Bellvís,250523,2451
1057,2018,Benavent de Segrià,250539,1151
1058,2018,Benifallet,430252,672
1059,2018,Benissanet,430265,390
1060,2018,Berga,080229,3009
1061,2018,Besalú,170195,3024
1062,2018,Bescanó,170209,1904
1063,2018,Beuda,170216,0
1064,2018,Bigues i Riells,080235,623
1065,2018,Biosca,250557,155
1066,2018,"Bisbal d'Empordà, la",170221,3424
1067,2018,"Bisbal de Falset, la",430271,297
1068,2018,"Bisbal del Penedès, la",430287,660
1069,2018,Biure,172348,2029
1070,2018,Blancafort,430290,288
1071,2018,Blanes,170237,2321
1072,2018,Boadella i les Escaules,170293,457
1073,2018,Bolvir,170242,332
1074,2018,Bonastre,430304,336
1075,2018,"Bòrdes, Es",250576,0
1076,2018,Bordils,170255,805
1077,2018,"Borges Blanques, les",250582,1531
1078,2018,"Borges del Camp, les",430311,963
1079,2018,Borrassà,170268,1229
1080,2018,Borredà,080240,1059
1081,2018,Bossòst,250595,4914
1082,2018,Bot,430326,429
1083,2018,Botarell,430332,521
1084,2018,Bovera,250560,218
1085,2018,Bràfim,430347,217
1086,2018,Breda,170274,1492
1087,2018,"Bruc, el",080253,1631
1088,2018,"Brull, el",080266,2008
1089,2018,Brunyola,170280,2000
1090,2018,Cabacés,430350,495
1091,2018,Cabanabona,250609,66
1092,2018,Cabanelles,170314,344
1093,2018,Cabanes,170307,2541
1094,2018,"Cabanyes, les",080272,1526
1095,2018,Cabó,250616,0
1096,2018,Cabra del Camp,430363,302
1097,2018,Cabrera d'Anoia,080288,1549
1098,2018,Cabrera de Mar,080291,10014
1099,2018,Cabrils,080305,923
1100,2018,Cadaqués,170329,2082
1101,2018,Calaf,080312,1978
1102,2018,Calafell,430379,1602
1103,2018,Calders,080348,957
1104,2018,Caldes d'Estrac,080327,379
1105,2018,Caldes de Malavella,170335,701
1106,2018,Caldes de Montbui,080333,1946
1107,2018,Calella,080351,2172
1108,2018,Calldetenes,080370,918
1109,2018,Callús,080386,736
1110,2018,Calonge,080364,2130
1111,2018,Calonge de Segarra,170340,9309
1112,2018,Camarasa,250621,1046
1113,2018,Camarles,439039,2588
1114,2018,Cambrils,430385,1648
1115,2018,Camós,170353,184
1116,2018,Campdevànol,170366,3044
1117,2018,Campelles,170372,0
1118,2018,Campins,080399,17
1119,2018,Campllong,170388,2443
1120,2018,Camprodon,170391,2387
1121,2018,Canejan,250637,0
1122,2018,Canet d'Adri,170405,476
1123,2018,Canet de Mar,080403,1221
1124,2018,"Canonja, la",439076,1549
1125,2018,Canovelles,080410,1310
1126,2018,Cànoves i Samalús,080425,388
1127,2018,Cantallops,170412,0
1128,2018,Canyelles,080431,1178
1129,2018,Capafonts,430398,1719
1130,2018,Capçanes,430402,342
1131,2018,Capellades,080446,1258
1132,2018,Capmany,170427,1502
1133,2018,Capolat,080459,0
1134,2018,Cardedeu,080462,1843
1135,2018,Cardona,080478,2123
1136,2018,Carme,080484,317
1137,2018,Caseres,430419,532
1138,2018,Cassà de la Selva,170448,1663
1139,2018,Casserres,080497,1188
1140,2018,Castell de l'Areny,080575,236
1141,2018,Castell de Mur,259046,6
1142,2018,Castell-Platja d'Aro,170486,6518
1143,2018,Castellar de la Ribera,250642,0
1144,2018,Castellar de n'Hug,080522,1588
1145,2018,Castellar del Riu,080500,0
1146,2018,Castellar del Vallès,080517,1701
1147,2018,Castellbell i el Vilar,080538,1198
1148,2018,Castellbisbal,080543,1687
1149,2018,Castellcir,080556,633
1150,2018,Castelldans,250674,1035
1151,2018,Castelldefels,080569,1510
1152,2018,Castellet i la Gornal,080581,1529
1153,2018,Castellfollit de la Roca,170464,1019
1154,2018,Castellfollit de Riubregós,080608,788
1155,2018,Castellfollit del Boix,080594,276
1156,2018,Castellgalí,080615,1919
1157,2018,Castellnou de Bages,080620,68
1158,2018,Castellnou de Seana,250680,201
1159,2018,Castelló d'Empúries,170470,4598
1160,2018,Castelló de Farfanya,250693,262
1161,2018,Castellolí,080636,1321
1162,2018,Castellserà,250707,992
1163,2018,Castellterçol,080641,1388
1164,2018,Castellvell del Camp,430424,169
1165,2018,Castellví de la Marca,080654,692
1166,2018,Castellví de Rosanes,080667,294
1167,2018,"Catllar, el",430430,1204
1168,2018,Cava,250714,0
1169,2018,"Cellera de Ter, la",171899,2163
1170,2018,Celrà,170499,2155
1171,2018,Centelles,080673,1661
1172,2018,Cercs,082687,722
1173,2018,Cerdanyola del Vallès,082665,1242
1174,2018,Cervelló,080689,1000
1175,2018,Cervera,250729,2256
1176,2018,Cervià de les Garrigues,250735,299
1177,2018,Cervià de Ter,170502,426
1178,2018,Cistella,170519,547
1179,2018,Ciutadilla,250740,1248
1180,2018,Clariana de Cardener,250753,0
1181,2018,"Cogul, el",250766,1242
1182,2018,Colera,170545,759
1183,2018,Coll de Nargó,250772,1902
1184,2018,Collbató,080692,647
1185,2018,Colldejou,430458,0
1186,2018,Collsuspina,080706,445
1187,2018,Colomers,170558,466
1188,2018,"Coma i la Pedra, la",251636,385
1189,2018,Conca de Dalt,251615,257
1190,2018,Conesa,430461,0
1191,2018,Constantí,430477,1746
1192,2018,Copons,080713,516
1193,2018,Corbera d'Ebre,430483,940
1194,2018,Corbera de Llobregat,080728,754
1195,2018,Corbins,250788,880
1196,2018,Corçà,170577,2048
1197,2018,Cornellà de Llobregat,080734,1836
1198,2018,Cornellà del Terri,170561,1904
1199,2018,Cornudella de Montsant,430496,1604
1200,2018,Creixell,430509,1246
1201,2018,Crespià,170583,410
1202,2018,"Cruïlles, Monells i Sant Sadurní de l'Heura",179011,239
1203,2018,Cubelles,080749,1634
1204,2018,Cubells,250791,293
1205,2018,Cunit,430516,898
1206,2018,Darnius,170600,228
1207,2018,Das,170617,75
1208,2018,Deltebre,439018,2468
1209,2018,Dosrius,080752,725
1210,2018,Duesaigües,430537,772
1211,2018,"Escala, l'",170622,2849
1212,2018,Esparreguera,080765,1400
1213,2018,Espinelves,170638,680
1214,2018,"Espluga Calba, l'",250812,479
1215,2018,"Espluga de Francolí, l'",430542,1696
1216,2018,Esplugues de Llobregat,080771,1381
1217,2018,Espolla,170643,478
1218,2018,Esponellà,170656,164
1219,2018,Espot,250827,639
1220,2018,"Espunyola, l'",080787,833
1221,2018,"Esquirol, l'",082541,563
1222,2018,Estamariu,250886,0
1223,2018,"Estany, l'",080790,369
1224,2018,Estaràs,250851,0
1225,2018,Esterri d'Àneu,250864,2845
1226,2018,Esterri de Cardós,250870,0
1227,2018,Falset,430555,2483
1228,2018,"Far d'Empordà, el",170059,1068
1229,2018,Farrera,250899,0
1230,2018,"Fatarella, la",430568,733
1231,2018,"Febró, la",430574,1405
1232,2018,Figaró-Montmany,081347,548
1233,2018,Fígols,080804,0
1234,2018,Fígols i Alinyà,259084,0
1235,2018,"Figuera, la",430580,0
1236,2018,Figueres,170669,3396
1237,2018,Figuerola del Camp,430593,1473
1238,2018,Flaçà,170675,643
1239,2018,Flix,430607,2332
1240,2018,"Floresta, la",250925,539
1241,2018,Fogars de la Selva,080826,1129
1242,2018,Fogars de Montclús,080811,131
1243,2018,Foixà,170681,423
1244,2018,Folgueroles,080832,452
1245,2018,Fondarella,250931,4717
1246,2018,Fonollosa,080847,183
1247,2018,Font-rubí,080850,510
1248,2018,Fontanals de Cerdanya,170694,264
1249,2018,Fontanilles,170708,254
1250,2018,Fontcoberta,170715,874
1251,2018,Foradada,250946,0
1252,2018,Forallac,179026,5593
1253,2018,Forès,430614,0
1254,2018,Fornells de la Selva,170736,6447
1255,2018,Fortià,170741,5676
1256,2018,"Franqueses del Vallès, les",080863,2094
1257,2018,Freginals,430629,561
1258,2018,"Fuliola, la",250962,1769
1259,2018,Fulleda,250978,0
1260,2018,Gaià,080902,311
1261,2018,"Galera, la",430635,1036
1262,2018,Gallifa,080879,0
1263,2018,Gandesa,430640,2814
1264,2018,Garcia,430653,564
1265,2018,"Garidells, els",430666,124
1266,2018,"Garriga, la",080885,1913
1267,2018,Garrigàs,170754,2683
1268,2018,Garrigoles,170767,194
1269,2018,Garriguella,170773,514
1270,2018,Gavà,080898,2188
1271,2018,Gavet de la Conca,250984,0
1272,2018,Gelida,080919,854
1273,2018,Ger,170789,608
1274,2018,Gimenells i el Pla de la Font,259123,1681
1275,2018,Ginestar,430672,429
1276,2018,Girona,170792,2469
1277,2018,Gironella,080924,1791
1278,2018,Gisclareny,080930,0
1279,2018,Godall,430688,986
1280,2018,Golmés,250997,9751
1281,2018,Gombrèn,170806,849
1282,2018,Gósol,251001,249
1283,2018,"Granada, la",080945,1725
1284,2018,"Granadella, la",251018,916
1285,2018,Granera,080958,0
1286,2018,"Granja d'Escarp, la",251023,654
1287,2018,Granollers,080961,3007
1288,2018,Granyanella,251039,50421
1289,2018,Granyena de les Garrigues,251057,42
1290,2018,Granyena de Segarra,251044,0
1291,2018,Gratallops,430691,1465
1292,2018,Gualba,080977,469
1293,2018,Gualta,170813,4191
1294,2018,Guardiola de Berguedà,080996,1937
1295,2018,"Guiamets, els",430705,0
1296,2018,Guils de Cerdanya,170828,59
1297,2018,Guimerà,251095,3322
1298,2018,"Guingueta d'Àneu, la",259031,0
1299,2018,Guissona,251109,1264
1300,2018,Guixers,251116,0
1301,2018,Gurb,081000,4003
1302,2018,Horta de Sant Joan,430712,1202
1303,2018,"Hospitalet de Llobregat, l'",081017,1392
1304,2018,"Hostalets de Pierola, els",081629,464
1305,2018,Hostalric,170834,1334
1306,2018,Igualada,081022,3008
1307,2018,Isona i Conca Dellà,251155,1368
1308,2018,Isòvol,170849,0
1309,2018,Ivars d'Urgell,251137,768
1310,2018,Ivars de Noguera,251121,68
1311,2018,Ivorra,251142,0
1312,2018,Jafre,170852,718
1313,2018,"Jonquera, la",170865,23254
1314,2018,Jorba,081038,2980
1315,2018,Josa i Tuixén,259101,288
1316,2018,Juià,170871,436
1317,2018,Juncosa,251180,1219
1318,2018,Juneda,251193,1115
1319,2018,Les,251214,6360
1320,2018,Linyola,251229,898
1321,2018,"Llacuna, la",081043,545
1322,2018,Lladó,170887,296
1323,2018,Lladorre,251235,264
1324,2018,Lladurs,251240,0
1325,2018,"Llagosta, la",081056,1203
1326,2018,Llagostera,170890,1657
1327,2018,Llambilles,170904,2854
1328,2018,Llanars,170911,722
1329,2018,Llançà,170926,2219
1330,2018,Llardecans,251253,1720
1331,2018,Llavorsí,251266,1236
1332,2018,Lleida,251207,2525
1333,2018,Llers,170932,5265
1334,2018,Lles de Cerdanya,251272,945
1335,2018,Lliçà d'Amunt,081075,805
1336,2018,Lliçà de Vall,081081,2863
1337,2018,Llimiana,251288,458
1338,2018,Llinars del Vallès,081069,1808
1339,2018,Llívia,170947,1468
1340,2018,"Lloar, el",430727,441
1341,2018,Llobera,251291,441
1342,2018,Llorac,430733,0
1343,2018,Llorenç del Penedès,430748,2104
1344,2018,Lloret de Mar,170950,2422
1345,2018,"Llosses, les",170963,114
1346,2018,Lluçà,081094,518
1347,2018,Maçanet de Cabrenys,171024,1082
1348,2018,Maçanet de la Selva,171030,1683
1349,2018,Madremanya,170979,0
1350,2018,Maià de Montcal,170985,230
1351,2018,Maials,251333,684
1352,2018,Maldà,251305,627
1353,2018,Malgrat de Mar,081108,1842
1354,2018,Malla,081115,33137
1355,2018,Manlleu,081120,1589
1356,2018,Manresa,081136,2834
1357,2018,Marçà,430764,464
1358,2018,Margalef,430751,777
1359,2018,Marganell,082423,0
1360,2018,Martorell,081141,2536
1361,2018,Martorelles,081154,1742
1362,2018,Mas de Barberans,430770,646
1363,2018,Masarac,171002,1070
1364,2018,Masdenverge,430786,914
1365,2018,"Masies de Roda, les",081167,1460
1366,2018,"Masies de Voltregà, les",081173,1120
1367,2018,Masllorenç,430799,972
1368,2018,"Masnou, el",081189,1396
1369,2018,"Masó, la",430803,4
1370,2018,Maspujols,430810,240
1371,2018,Masquefa,081192,1312
1372,2018,"Masroig, el",430825,536
1373,2018,Massalcoreig,251312,462
1374,2018,Massanes,171019,200
1375,2018,Massoteres,251327,0
1376,2018,Matadepera,081206,1098
1377,2018,Mataró,081213,2179
1378,2018,Mediona,081228,550
1379,2018,Menàrguens,251348,212
1380,2018,Meranges,170998,0
1381,2018,Mieres,171058,54
1382,2018,"Milà, el",430831,0
1383,2018,Miralcamp,251351,310
1384,2018,Miravet,430846,952
1385,2018,Moià,081385,1576
1386,2018,"Molar, el",430859,1132
1387,2018,Molins de Rei,081234,2004
1388,2018,Mollerussa,251370,2870
1389,2018,Mollet de Peralada,171061,1279
1390,2018,Mollet del Vallès,081249,1888
1391,2018,Molló,171077,274
1392,2018,"Molsosa, la",251364,0
1393,2018,Monistrol de Calders,081287,544
1394,2018,Monistrol de Montserrat,081271,1566
1395,2018,Mont-ral,430918,0
1396,2018,Mont-ras,171100,4769
1397,2018,Mont-roig del Camp,430923,1954
1398,2018,Montagut i Oix,171096,479
1399,2018,Montblanc,430862,2685
1400,2018,Montbrió del Camp,430884,1778
1401,2018,Montcada i Reixac,081252,1462
1402,2018,Montclar,081304,0
1403,2018,Montellà i Martinet,251399,1617
1404,2018,Montesquiu,081311,437
1405,2018,Montferrer i Castellbò,251403,7114
1406,2018,Montferri,430897,922
1407,2018,Montgai,251386,285
1408,2018,Montgat,081265,856
1409,2018,Montmajor,081326,252
1410,2018,Montmaneu,081332,1104
1411,2018,"Montmell, el",430901,132
1412,2018,Montmeló,081350,1300
1413,2018,Montoliu de Lleida,251425,518
1414,2018,Montoliu de Segarra,251410,153
1415,2018,Montornès de Segarra,251431,0
1416,2018,Montornès del Vallès,081363,1420
1417,2018,Montseny,081379,1819
1418,2018,Móra d'Ebre,430939,3110
1419,2018,Móra la Nova,430944,2269
1420,2018,"Morell, el",430957,1418
1421,2018,"Morera de Montsant, la",430960,739
1422,2018,Muntanyola,081290,111
1423,2018,Mura,081398,1789
1424,2018,Nalec,251459,462
1425,2018,Naut Aran,250254,2858
1426,2018,Navarcles,081402,1187
1427,2018,Navàs,081419,1690
1428,2018,Navata,171117,296
1429,2018,Navès,251462,0
1430,2018,"Nou de Berguedà, la",081424,0
1431,2018,"Nou de Gaià, la",430976,847
1432,2018,Nulles,430982,256
1433,2018,Odèn,251484,331
1434,2018,Òdena,081430,2330
1435,2018,Ogassa,171122,4
1436,2018,Olèrdola,081458,6627
1437,2018,Olesa de Bonesvalls,081461,478
1438,2018,Olesa de Montserrat,081477,1328
1439,2018,Oliana,251497,4187
1440,2018,Oliola,251500,0
1441,2018,Olius,251517,2508
1442,2018,Olivella,081483,401
1443,2018,Olost,081496,916
1444,2018,Olot,171143,2350
1445,2018,"Oluges, les",251522,0
1446,2018,Olvan,081445,4522
1447,2018,"Omellons, els",251538,288
1448,2018,"Omells de na Gaia, els",251543,2851
1449,2018,Ordis,171156,131
1450,2018,Organyà,251556,1434
1451,2018,Orís,081509,0
1452,2018,Oristà,081516,572
1453,2018,Orpí,081521,0
1454,2018,Òrrius,081537,292
1455,2018,Os de Balaguer,251569,713
1456,2018,Osor,171169,135
1457,2018,Ossó de Sió,251575,0
1458,2018,Pacs del Penedès,081542,801
1459,2018,Palafolls,081555,1327
1460,2018,Palafrugell,171175,2557
1461,2018,Palamós,171181,2765
1462,2018,"Palau d'Anglesola, el",251581,1190
1463,2018,Palau de Santa Eulàlia,171194,547
1464,2018,Palau-sator,171215,1322
1465,2018,Palau-saverdera,171208,420
1466,2018,Palau-solità i Plegamans,081568,1937
1467,2018,"Pallaresos, els",431009,766
1468,2018,Pallejà,081574,1133
1469,2018,"Palma d'Ebre, la",430995,929
1470,2018,"Palma de Cervelló, la",089058,2512
1471,2018,Palol de Revardit,171236,2861
1472,2018,Pals,171241,1650
1473,2018,"Papiol, el",081580,1753
1474,2018,Pardines,171254,0
1475,2018,Parets del Vallès,081593,2343
1476,2018,Parlavà,171267,2678
1477,2018,Passanant i Belltall,431016,0
1478,2018,Pau,171289,638
1479,2018,Paüls,431021,512
1480,2018,Pedret i Marzà,171292,3185
1481,2018,Penelles,251641,721
1482,2018,"Pera, la",171306,1622
1483,2018,Perafita,081607,333
1484,2018,Perafort,431037,3079
1485,2018,Peralada,171328,462
1486,2018,Peramola,251654,476
1487,2018,"Perelló, el",431042,1228
1488,2018,Piera,081614,1455
1489,2018,"Piles, les",431055,0
1490,2018,Pineda de Mar,081635,1635
1491,2018,"Pinell de Brai, el",431068,1576
1492,2018,Pinell de Solsonès,251667,591
1493,2018,Pinós,251673,4262
1494,2018,Pira,431074,738
1495,2018,"Pla de Santa Maria, el",431080,785
1496,2018,"Pla del Penedès, el",081640,1545
1497,2018,"Planes d'Hostoles, les",171334,792
1498,2018,Planoles,171349,271
1499,2018,"Plans de Sió, els",259118,945
1500,2018,"Poal, el",251689,732
1501,2018,"Pobla de Cérvoles, la",251692,230
1502,2018,"Pobla de Claramunt, la",081653,1629
1503,2018,"Pobla de Lillet, la",081666,945
1504,2018,"Pobla de Mafumet, la",431093,1669
1505,2018,"Pobla de Massaluca, la",431107,1021
1506,2018,"Pobla de Montornès, la",431114,489
1507,2018,"Pobla de Segur, la",251713,3311
1508,2018,Poboleda,431129,1101
1509,2018,Polinyà,081672,1332
1510,2018,"Pont d'Armentera, el",431135,1691
1511,2018,"Pont de Bar, el",250306,199
1512,2018,Pont de Molins,171352,2002
1513,2018,"Pont de Suert, el",251734,2695
1514,2018,"Pont de Vilomara i Rocafort, el",081825,749
1515,2018,Pontils,431418,0
1516,2018,Pontons,081688,378
1517,2018,Pontós,171365,1680
1518,2018,Ponts,251728,2695
1519,2018,Porqueres,171371,1235
1520,2018,Porrera,431140,696
1521,2018,"Port de la Selva, el",171404,3501
1522,2018,Portbou,171387,1664
1523,2018,"Portella, la",251749,1098
1524,2018,Pradell de la Teixeta,431153,516
1525,2018,Prades,431166,951
1526,2018,Prat de Comte,431172,89
1527,2018,"Prat de Llobregat, el",081691,2222
1528,2018,Pratdip,431188,575
1529,2018,Prats de Lluçanès,081712,2344
1530,2018,"Prats de Rei, els",081705,1475
1531,2018,Prats i Sansor,251752,3909
1532,2018,Preixana,251765,748
1533,2018,Preixens,251771,175
1534,2018,Premià de Dalt,082303,486
1535,2018,Premià de Mar,081727,1259
1536,2018,"Preses, les",171390,5651
1537,2018,Prullans,251790,1804
1538,2018,Puig-reig,081751,1771
1539,2018,Puigcerdà,171411,3023
1540,2018,Puigdàlber,081748,421
1541,2018,Puiggròs,251804,0
1542,2018,Puigpelat,431191,891
1543,2018,Puigverd d'Agramunt,251811,0
1544,2018,Puigverd de Lleida,251826,481
1545,2018,Pujalt,081764,338
1546,2018,"Quar, la",081770,0
1547,2018,Quart,171426,1123
1548,2018,Queralbs,170433,124
1549,2018,Querol,431205,0
1550,2018,Rabós,171432,503
1551,2018,Rajadell,081786,3803
1552,2018,Rasquera,431212,1831
1553,2018,Regencós,171447,9105
1554,2018,Rellinars,081799,212
1555,2018,Renau,431227,0
1556,2018,Reus,431233,2630
1557,2018,Rialp,251832,1483
1558,2018,Riba-roja d'Ebre,431251,1189
1559,2018,"Riba, la",431248,205
1560,2018,Ribera d'Ondara,259059,1173
1561,2018,Ribera d'Urgellet,251850,204
1562,2018,Ribes de Freser,171450,1102
1563,2018,Riells i Viabrea,171463,817
1564,2018,"Riera de Gaià, la",431264,628
1565,2018,Riner,251863,0
1566,2018,Ripoll,171479,2042
1567,2018,Ripollet,081803,1374
1568,2018,Riu de Cerdanya,259139,0
1569,2018,Riudarenes,171485,689
1570,2018,Riudaura,171498,275
1571,2018,Riudecanyes,431270,526
1572,2018,Riudecols,431286,1169
1573,2018,Riudellots de la Selva,171501,3583
1574,2018,Riudoms,431299,2303
1575,2018,Riumors,171518,34
1576,2018,"Roca del Vallès, la",081810,3009
1577,2018,Rocafort de Queralt,431303,431
1578,2018,Roda de Berà,431310,2608
1579,2018,Roda de Ter,081831,919
1580,2018,Rodonyà,431325,5504
1581,2018,Roquetes,431331,1375
1582,2018,Roses,171523,2454
1583,2018,Rosselló,251898,745
1584,2018,"Rourell, el",431346,0
1585,2018,Rubí,081846,1498
1586,2018,Rubió,081859,638
1587,2018,Rupià,171539,1591
1588,2018,Rupit i Pruit,089019,1398
1589,2018,Sabadell,081878,2101
1590,2018,Sagàs,081884,106
1591,2018,Salàs de Pallars,251902,417
1592,2018,Saldes,081901,3279
1593,2018,Sales de Llierca,171544,0
1594,2018,Sallent,081918,2365
1595,2018,Salomó,431359,418
1596,2018,Salou,439057,1715
1597,2018,Salt,171557,2015
1598,2018,Sanaüja,251919,641
1599,2018,Sant Adrià de Besòs,081944,1776
1600,2018,Sant Agustí de Lluçanès,081957,1195
1601,2018,Sant Andreu de la Barca,081960,1383
1602,2018,Sant Andreu de Llavaneres,081976,1284
1603,2018,Sant Andreu Salou,171576,1058
1604,2018,Sant Aniol de Finestres,171833,325
1605,2018,Sant Antoni de Vilamajor,081982,942
1606,2018,Sant Bartomeu del Grau,081995,63
1607,2018,Sant Boi de Llobregat,082009,2168
1608,2018,Sant Boi de Lluçanès,082016,848
1609,2018,Sant Carles de la Ràpita,431362,2100
1610,2018,Sant Cebrià de Vallalta,082037,984
1611,2018,Sant Celoni,082021,2369
1612,2018,Sant Climent de Llobregat,082042,505
1613,2018,Sant Climent Sescebes,171582,494
1614,2018,Sant Cugat del Vallès,082055,1642
1615,2018,Sant Cugat Sesgarrigues,082068,7492
1616,2018,Sant Esteve de la Sarga,251961,0
1617,2018,Sant Esteve de Palautordera,082074,812
1618,2018,Sant Esteve Sesrovires,082080,1076
1619,2018,Sant Feliu de Buixalleu,171595,2475
1620,2018,Sant Feliu de Codines,082107,818
1621,2018,Sant Feliu de Guíxols,171609,1870
1622,2018,Sant Feliu de Llobregat,082114,1366
1623,2018,Sant Feliu de Pallerols,171616,629
1624,2018,Sant Feliu Sasserra,082129,600
1625,2018,Sant Ferriol,171621,665
1626,2018,Sant Fost de Campsentelles,082093,969
1627,2018,Sant Fruitós de Bages,082135,4228
1628,2018,Sant Gregori,171637,897
1629,2018,Sant Guim de Freixenet,251924,1819
1630,2018,Sant Guim de la Plana,251977,0
1631,2018,Sant Hilari Sacalm,171642,1722
1632,2018,Sant Hipòlit de Voltregà,082153,909
1633,2018,Sant Iscle de Vallalta,081939,1870
1634,2018,Sant Jaume d'Enveja,439023,1167
1635,2018,Sant Jaume de Frontanyà,082166,433
1636,2018,Sant Jaume de Llierca,171655,1981
1637,2018,Sant Jaume dels Domenys,431378,2586
1638,2018,Sant Joan de les Abadesses,171674,1259
1639,2018,Sant Joan de Mollet,171680,532
1640,2018,Sant Joan de Vilatorrada,082188,1475
1641,2018,Sant Joan Despí,082172,1115
1642,2018,Sant Joan les Fonts,171851,2347
1643,2018,Sant Jordi Desvalls,171668,1149
1644,2018,Sant Julià de Cerdanyola,089030,217
1645,2018,Sant Julià de Ramis,171693,1754
1646,2018,Sant Julià de Vilatorta,082205,407
1647,2018,Sant Julià del Llor i Bonmatí,179032,239
1648,2018,Sant Just Desvern,082212,1316
1649,2018,Sant Llorenç d'Hortons,082227,1432
1650,2018,Sant Llorenç de la Muga,171714,677
1651,2018,Sant Llorenç de Morunys,251930,1746
1652,2018,Sant Llorenç Savall,082233,872
1653,2018,Sant Martí d'Albars,082251,0
1654,2018,Sant Martí de Centelles,082248,301
1655,2018,Sant Martí de Llémena,171729,96
1656,2018,Sant Martí de Riucorb,259025,211
1657,2018,Sant Martí de Tous,082264,1408
1658,2018,Sant Martí Sarroca,082270,2137
1659,2018,Sant Martí Sesgueioles,082286,613
1660,2018,Sant Martí Vell,171735,0
1661,2018,Sant Mateu de Bages,082299,598
1662,2018,Sant Miquel de Campmajor,171740,351
1663,2018,Sant Miquel de Fluvià,171753,324
1664,2018,Sant Mori,171766,486
1665,2018,Sant Pau de Segúries,171772,857
1666,2018,Sant Pere de Ribes,082310,1655
1667,2018,Sant Pere de Riudebitlles,082325,1701
1668,2018,Sant Pere de Torelló,082331,536
1669,2018,Sant Pere de Vilamajor,082346,225
1670,2018,Sant Pere Pescador,171788,3945
1671,2018,Sant Pere Sallavinera,081897,116
1672,2018,Sant Pol de Mar,082359,1288
1673,2018,Sant Quintí de Mediona,082362,874
1674,2018,Sant Quirze de Besora,082378,1710
1675,2018,Sant Quirze del Vallès,082384,2314
1676,2018,Sant Quirze Safaja,082397,110
1677,2018,Sant Ramon,251945,2958
1678,2018,Sant Sadurní d'Anoia,082401,1628
1679,2018,Sant Sadurní d'Osormort,082418,0
1680,2018,Sant Salvador de Guardiola,080983,345
1681,2018,Sant Vicenç de Castellet,082628,1044
1682,2018,Sant Vicenç de Montalt,082649,1422
1683,2018,Sant Vicenç de Torelló,082652,349
1684,2018,Sant Vicenç dels Horts,082634,1523
1685,2018,Santa Bàrbara,431384,2041
1686,2018,Santa Cecília de Voltregà,082439,0
1687,2018,Santa Coloma de Cervelló,082444,768
1688,2018,Santa Coloma de Farners,171805,1675
1689,2018,Santa Coloma de Gramenet,082457,1169
1690,2018,Santa Coloma de Queralt,431397,2060
1691,2018,Santa Cristina d'Aro,171812,1472
1692,2018,Santa Eugènia de Berga,082460,820
1693,2018,Santa Eulàlia de Riuprimer,082476,545
1694,2018,Santa Eulàlia de Ronçana,082482,914
1695,2018,Santa Fe del Penedès,082495,604
1696,2018,Santa Llogaia d'Àlguema,171827,17617
1697,2018,Santa Margarida de Montbui,082508,984
1698,2018,Santa Margarida i els Monjos,082515,1051
1699,2018,Santa Maria d'Oló,082589,1341
1700,2018,Santa Maria de Besora,082536,608
1701,2018,Santa Maria de Martorelles,082567,146
1702,2018,Santa Maria de Merlès,082554,0
1703,2018,Santa Maria de Miralles,082573,5242
1704,2018,Santa Maria de Palautordera,082592,1579
1705,2018,Santa Oliva,431401,2194
1706,2018,Santa Pau,171848,664
1707,2018,Santa Perpètua de Mogoda,082606,1464
1708,2018,Santa Susanna,082613,5828
1709,2018,Santpedor,081923,1058
1710,2018,Sarral,431423,712
1711,2018,Sarrià de Ter,171864,4067
1712,2018,Sarroca de Bellera,252017,1042
1713,2018,Sarroca de Lleida,252000,490
1714,2018,"Saus, Camallera i Llampaies",171870,1269
1715,2018,Savallà del Comtat,431439,0
1716,2018,"Secuita, la",431444,483
1717,2018,"Selva de Mar, la",171886,0
1718,2018,"Selva del Camp, la",431457,2335
1719,2018,Senan,431460,0
1720,2018,"Sénia, la",430445,4294
1721,2018,Senterada,252022,403
1722,2018,"Sentiu de Sió, la",250352,1012
1723,2018,Sentmenat,082671,1772
1724,2018,Serinyà,171903,912
1725,2018,Seròs,252043,947
1726,2018,Serra de Daró,171910,8905
1727,2018,Setcases,171925,2089
1728,2018,"Seu d'Urgell, la",252038,1889
1729,2018,Seva,082690,267
1730,2018,Sidamon,252056,2277
1731,2018,Sils,171931,1334
1732,2018,Sitges,082704,2148
1733,2018,Siurana,170524,0
1734,2018,Sobremunt,082711,0
1735,2018,"Soleràs, el",252069,262
1736,2018,Solivella,431476,918
1737,2018,Solsona,252075,2849
1738,2018,Sora,082726,1424
1739,2018,Soriguera,252081,306
1740,2018,Sort,252094,3883
1741,2018,Soses,252108,1831
1742,2018,Subirats,082732,899
1743,2018,Sudanell,252115,700
1744,2018,Sunyer,252120,5225
1745,2018,Súria,082747,1472
1746,2018,Susqueda,171946,0
1747,2018,Tagamanent,082763,444
1748,2018,Talamanca,082779,356
1749,2018,Talarn,252154,3280
1750,2018,Talavera,252167,696
1751,2018,"Tallada d'Empordà, la",171959,1340
1752,2018,Taradell,082785,951
1753,2018,Tarragona,431482,2445
1754,2018,Tàrrega,252173,2861
1755,2018,Tarrés,252189,455
1756,2018,Tarroja de Segarra,252192,339
1757,2018,Tavèrnoles,082750,0
1758,2018,Tavertet,082802,0
1759,2018,Teià,082819,1014
1760,2018,Térmens,252206,2286
1761,2018,Terrades,171962,303
1762,2018,Terrassa,082798,2038
1763,2018,Tiana,082824,606
1764,2018,Tírvia,252213,164
1765,2018,Tiurana,252228,0
1766,2018,Tivenys,431495,735
1767,2018,Tivissa,431508,885
1768,2018,Tona,082830,1586
1769,2018,Torà,252234,1465
1770,2018,Tordera,082845,1680
1771,2018,Torelló,082858,1869
1772,2018,"Torms, els",252249,636
1773,2018,Tornabous,252252,567
1774,2018,"Torre de Cabdella, la",252271,202
1775,2018,"Torre de Claramunt, la",082861,1104
1776,2018,"Torre de Fontaubella, la",431515,0
1777,2018,"Torre de l'Espanyol, la",431520,342
1778,2018,Torre-serona,252332,104
1779,2018,Torrebesses,252265,332
1780,2018,Torredembarra,431536,2259
1781,2018,Torrefarrera,252287,3390
1782,2018,Torrefeta i Florejacs,259078,212
1783,2018,Torregrossa,252304,698
1784,2018,Torrelameu,252311,1887
1785,2018,Torrelavit,082877,495
1786,2018,Torrelles de Foix,082883,709
1787,2018,Torrelles de Llobregat,082896,934
1788,2018,Torrent,171978,903
1789,2018,Torres de Segre,252326,2624
1790,2018,Torroella de Fluvià,171984,1105
1791,2018,Torroella de Montgrí,171997,2600
1792,2018,Torroja del Priorat,431541,696
1793,2018,Tortellà,172001,899
1794,2018,Tortosa,431554,2873
1795,2018,Toses,172018,0
1796,2018,Tossa de Mar,172023,2827
1797,2018,Tremp,252347,2817
1798,2018,Ullà,172044,1241
1799,2018,Ullastrell,082900,379
1800,2018,Ullastret,172057,301
1801,2018,Ulldecona,431567,1796
1802,2018,Ulldemolins,431573,811
1803,2018,Ultramort,172039,505
1804,2018,Urús,172060,0
1805,2018,Vacarisses,082917,1070
1806,2018,"Vajol, la",170144,565
1807,2018,"Vall d'en Bas, la",172076,707
1808,2018,"Vall de Bianya, la",172082,585
1809,2018,"Vall de Boí, la",250432,1857
1810,2018,Vall de Cardós,259010,239
1811,2018,Vall-llobrega,172095,2874
1812,2018,Vallbona d'Anoia,082922,560
1813,2018,Vallbona de les Monges,252385,513
1814,2018,Vallcebre,082938,858
1815,2018,Vallclara,431589,908
1816,2018,Vallfogona de Balaguer,252402,4174
1817,2018,Vallfogona de Ripollès,171707,151
1818,2018,Vallfogona de Riucorb,431592,0
1819,2018,Vallgorguina,082943,400
1820,2018,Vallirana,082956,1204
1821,2018,Vallmoll,431606,3096
1822,2018,Vallromanes,082969,456
1823,2018,Valls,431613,2490
1824,2018,"Valls d'Aguilar, les",259062,0
1825,2018,"Valls de Valira, les",252398,59
1826,2018,Vandellòs i l'Hospitalet de l'Infant,431628,2462
1827,2018,"Vansa i Fórnols, la",259097,220
1828,2018,Veciana,082975,0
1829,2018,"Vendrell, el",431634,3032
1830,2018,Ventalló,172109,749
1831,2018,Verdú,252424,1021
1832,2018,Verges,172116,1525
1833,2018,Vespella de Gaià,431649,0
1834,2018,Vic,082981,3659
1835,2018,Vidrà,172121,486
1836,2018,Vidreres,172137,1341
1837,2018,Vielha e Mijaran,252430,4114
1838,2018,Vila-rodona,431704,2056
1839,2018,Vila-sacra,172305,11422
1840,2018,Vila-sana,252521,5174
1841,2018,Vila-seca,431711,1652
1842,2018,Vilabella,431652,1339
1843,2018,Vilabertran,172142,266
1844,2018,Vilablareix,172155,2267
1845,2018,Vilada,082994,726
1846,2018,Viladamat,172174,2453
1847,2018,Viladasens,172168,0
1848,2018,Viladecans,083015,1617
1849,2018,Viladecavalls,083008,759
1850,2018,Vilademuls,172180,823
1851,2018,Viladrau,172207,875
1852,2018,Vilafant,172214,368
1853,2018,Vilafranca del Penedès,083054,2995
1854,2018,Vilagrassa,252445,6937
1855,2018,Vilajuïga,172235,1261
1856,2018,Vilalba dels Arcs,431750,411
1857,2018,Vilalba Sasserra,083067,807
1858,2018,Vilaller,252458,1438
1859,2018,Vilallonga de Ter,172240,777
1860,2018,Vilallonga del Camp,431665,2435
1861,2018,Vilamacolum,172253,221
1862,2018,Vilamalla,172266,14277
1863,2018,Vilamaniscle,172272,82
1864,2018,Vilamòs,252477,6434
1865,2018,Vilanant,172288,1035
1866,2018,Vilanova d'Escornalbou,431671,519
1867,2018,Vilanova de Bellpuig,252483,240
1868,2018,Vilanova de l'Aguda,252496,0
1869,2018,Vilanova de la Barca,252542,1246
1870,2018,Vilanova de Meià,252509,813
1871,2018,Vilanova de Prades,431687,265
1872,2018,Vilanova de Sau,083036,328
1873,2018,Vilanova de Segrià,252516,214
1874,2018,Vilanova del Camí,083020,1119
1875,2018,Vilanova del Vallès,089024,1432
1876,2018,Vilanova i la Geltrú,083073,1908
1877,2018,Vilaplana,431690,713
1878,2018,Vilassar de Dalt,082140,1576
1879,2018,Vilassar de Mar,082191,1644
1880,2018,Vilaür,172229,116
1881,2018,Vilaverd,431726,713
1882,2018,"Vilella Alta, la",431732,371
1883,2018,"Vilella Baixa, la",431747,0
1884,2018,Vilobí d'Onyar,172333,1157
1885,2018,Vilobí del Penedès,083041,523
1886,2018,Vilopriu,172327,0
1887,2018,"Vilosell, el",252537,155
1888,2018,Vimbodí i Poblet,431763,924
1889,2018,Vinaixa,252555,944
1890,2018,Vinebre,431779,581
1891,2018,Vinyols i els Arcs,431785,2530
1892,2018,Viver i Serrateix,083089,0
1893,2018,Xerta,430521,562
1894,2019,Abella de la Conca,250019,223
1895,2019,Abrera,080018,1492
1896,2019,Àger,250024,1959
1897,2019,Agramunt,250030,2531
1898,2019,Aguilar de Segarra,080023,1764
1899,2019,Agullana,170010,1698
1900,2019,Aiguafreda,080142,1591
1901,2019,Aiguamúrcia,430017,546
1902,2019,Aiguaviva,170025,1571
1903,2019,Aitona,250387,877
1904,2019,"Alamús, els",250045,2642
1905,2019,Alàs i Cerc,250058,252
1906,2019,"Albagés, l'",250061,290
1907,2019,Albanyà,170031,6
1908,2019,Albatàrrec,250077,429
1909,2019,Albesa,250083,361
1910,2019,"Albi, l'",250096,530
1911,2019,Albinyana,430022,418
1912,2019,"Albiol, l'",430038,23
1913,2019,Albons,170046,178
1914,2019,Alcanar,430043,1410
1915,2019,Alcanó,250100,145
1916,2019,Alcarràs,250117,1705
1917,2019,Alcoletge,250122,1143
1918,2019,Alcover,430056,1526
1919,2019,"Aldea, l'",439044,2200
1920,2019,Aldover,430069,281
1921,2019,"Aleixar, l'",430075,274
1922,2019,Alella,080039,1025
1923,2019,Alfara de Carles,430081,576
1924,2019,Alfarràs,250138,1682
1925,2019,Alfés,250143,1635
1926,2019,Alforja,430094,527
1927,2019,Algerri,250156,927
1928,2019,Alguaire,250169,1498
1929,2019,Alins,250175,25
1930,2019,Alió,430108,91
1931,2019,Almacelles,250194,1670
1932,2019,Almatret,250208,414
1933,2019,Almenar,250215,2336
1934,2019,Almoster,430115,530
1935,2019,Alòs de Balaguer,250220,0
1936,2019,Alp,170062,1884
1937,2019,Alpens,080044,406
1938,2019,Alpicat,250236,1157
1939,2019,Alt Àneu,250241,133
1940,2019,Altafulla,430120,1386
1941,2019,Amer,170078,730
1942,2019,"Ametlla de Mar, l'",430136,2691
1943,2019,"Ametlla del Vallès, l'",080057,2016
1944,2019,"Ampolla, l'",439060,1875
1945,2019,Amposta,430141,2385
1946,2019,Anglès,170084,1126
1947,2019,Anglesola,250273,828
1948,2019,Arbeca,250292,999
1949,2019,"Arboç, l'",430167,1664
1950,2019,Arbolí,430154,2394
1951,2019,Arbúcies,170097,1117
1952,2019,Arenys de Mar,080060,1208
1953,2019,Arenys de Munt,080076,855
1954,2019,Argelaguer,170101,252
1955,2019,Argençola,080082,0
1956,2019,"Argentera, l'",430173,2040
1957,2019,Argentona,080095,688
1958,2019,"Armentera, l'",170118,373
1959,2019,Arnes,430189,714
1960,2019,Arres,250313,0
1961,2019,Arsèguel,250328,202
1962,2019,Artés,080109,1086
1963,2019,Artesa de Lleida,250334,1876
1964,2019,Artesa de Segre,250349,3875
1965,2019,Ascó,430192,1748
1966,2019,Aspa,250365,67
1967,2019,"Avellanes i Santa Linya, les",250371,2076
1968,2019,Avià,080116,439
1969,2019,Avinyó,080121,682
1970,2019,Avinyonet de Puigventós,170123,1024
1971,2019,Avinyonet del Penedès,080137,536
1972,2019,Badalona,080155,1192
1973,2019,Badia del Vallès,089045,432
1974,2019,Bagà,080168,962
1975,2019,Baix Pallars,250390,134
1976,2019,Balaguer,250404,1853
1977,2019,Balenyà,080174,1570
1978,2019,Balsareny,080180,674
1979,2019,Banyeres del Penedès,430206,494
1980,2019,Banyoles,170157,1814
1981,2019,Barbens,250411,695
1982,2019,Barberà de la Conca,430213,349
1983,2019,Barberà del Vallès,082520,2273
1984,2019,Barcelona,080193,1490
1985,2019,"Baronia de Rialb, la",250426,101
1986,2019,Bàscara,170160,2043
1987,2019,Bassella,250447,1085
1988,2019,Batea,430228,941
1989,2019,Bausen,250450,2379
1990,2019,Begues,080207,1065
1991,2019,Begur,170139,1697
1992,2019,Belianes,250463,1305
1993,2019,Bell-lloc d'Urgell,250485,839
1994,2019,Bellaguarda,251706,293
1995,2019,Bellcaire d'Empordà,170182,3000
1996,2019,Bellcaire d'Urgell,250479,1447
1997,2019,Bellmunt d'Urgell,250498,0
1998,2019,Bellmunt del Priorat,430234,286
1999,2019,Bellprat,080214,4938
2000,2019,Bellpuig,250501,1999
2001,2019,Bellvei,430249,2233
2002,2019,Bellver de Cerdanya,250518,1539
2003,2019,Bellvís,250523,2243
2004,2019,Benavent de Segrià,250539,871
2005,2019,Benifallet,430252,518
2006,2019,Benissanet,430265,314
2007,2019,Berga,080229,2058
2008,2019,Besalú,170195,2328
2009,2019,Bescanó,170209,1292
2010,2019,Beuda,170216,0
2011,2019,Bigues i Riells,080235,382
2012,2019,Biosca,250557,125
2013,2019,"Bisbal d'Empordà, la",170221,2406
2014,2019,"Bisbal de Falset, la",430271,236
2015,2019,"Bisbal del Penedès, la",430287,435
2016,2019,Biure,172348,1629
2017,2019,Blancafort,430290,221
2018,2019,Blanes,170237,1862
2019,2019,Boadella i les Escaules,170293,488
2020,2019,Bolvir,170242,271
2021,2019,Bonastre,430304,198
2022,2019,"Bòrdes, Es",250576,371
2023,2019,Bordils,170255,514
2024,2019,"Borges Blanques, les",250582,1337
2025,2019,"Borges del Camp, les",430311,755
2026,2019,Borrassà,170268,735
2027,2019,Borredà,080240,791
2028,2019,Bossòst,250595,3633
2029,2019,Bot,430326,375
2030,2019,Botarell,430332,435
2031,2019,Bovera,250560,275
2032,2019,Bràfim,430347,146
2033,2019,Breda,170274,1408
2034,2019,"Bruc, el",080253,1091
2035,2019,"Brull, el",080266,1536
2036,2019,Brunyola,170280,1566
2037,2019,Cabacés,430350,440
2038,2019,Cabanabona,250609,53
2039,2019,Cabanelles,170314,627
2040,2019,Cabanes,170307,8017
2041,2019,"Cabanyes, les",080272,1301
2042,2019,Cabó,250616,0
2043,2019,Cabra del Camp,430363,190
2044,2019,Cabrera d'Anoia,080288,1185
2045,2019,Cabrera de Mar,080291,7330
2046,2019,Cabrils,080305,498
2047,2019,Cadaqués,170329,1470
2048,2019,Calaf,080312,1236
2049,2019,Calafell,430379,1210
2050,2019,Calders,080348,889
2051,2019,Caldes d'Estrac,080327,334
2052,2019,Caldes de Malavella,170335,472
2053,2019,Caldes de Montbui,080333,1444
2054,2019,Calella,080351,1663
2055,2019,Calldetenes,080370,677
2056,2019,Callús,080386,570
2057,2019,Calonge,080364,1754
2058,2019,Calonge de Segarra,170340,53
2059,2019,Camarasa,250621,1169
2060,2019,Camarles,439039,1357
2061,2019,Cambrils,430385,1326
2062,2019,Camós,170353,144
2063,2019,Campdevànol,170366,2363
2064,2019,Campelles,170372,1216
2065,2019,Campins,080399,202
2066,2019,Campllong,170388,2492
2067,2019,Camprodon,170391,1819
2068,2019,Canejan,250637,0
2069,2019,Canet d'Adri,170405,290
2070,2019,Canet de Mar,080403,928
2071,2019,"Canonja, la",439076,933
2072,2019,Canovelles,080410,1041
2073,2019,Cànoves i Samalús,080425,221
2074,2019,Cantallops,170412,134
2075,2019,Canyelles,080431,1018
2076,2019,Capafonts,430398,0
2077,2019,Capçanes,430402,163
2078,2019,Capellades,080446,896
2079,2019,Capmany,170427,1196
2080,2019,Capolat,080459,649
2081,2019,Cardedeu,080462,1441
2082,2019,Cardona,080478,1684
2083,2019,Carme,080484,254
2084,2019,Caseres,430419,193
2085,2019,Cassà de la Selva,170448,1112
2086,2019,Casserres,080497,710
2087,2019,Castell de l'Areny,080575,191
2088,2019,Castell de Mur,259046,0
2089,2019,Castell-Platja d'Aro,170486,4894
2090,2019,Castellar de la Ribera,250642,0
2091,2019,Castellar de n'Hug,080522,1302
2092,2019,Castellar del Riu,080500,0
2093,2019,Castellar del Vallès,080517,1261
2094,2019,Castellbell i el Vilar,080538,854
2095,2019,Castellbisbal,080543,1423
2096,2019,Castellcir,080556,330
2097,2019,Castelldans,250674,724
2098,2019,Castelldefels,080569,1078
2099,2019,Castellet i la Gornal,080581,1017
2100,2019,Castellfollit de la Roca,170464,784
2101,2019,Castellfollit de Riubregós,080608,834
2102,2019,Castellfollit del Boix,080594,220
2103,2019,Castellgalí,080615,197
2104,2019,Castellnou de Bages,080620,59
2105,2019,Castellnou de Seana,250680,158
2106,2019,Castelló d'Empúries,170470,3920
2107,2019,Castelló de Farfanya,250693,192
2108,2019,Castellolí,080636,1021
2109,2019,Castellserà,250707,572
2110,2019,Castellterçol,080641,1111
2111,2019,Castellvell del Camp,430424,116
2112,2019,Castellví de la Marca,080654,547
2113,2019,Castellví de Rosanes,080667,439
2114,2019,"Catllar, el",430430,933
2115,2019,Cava,250714,0
2116,2019,"Cellera de Ter, la",171899,2118
2117,2019,Celrà,170499,1534
2118,2019,Centelles,080673,1205
2119,2019,Cercs,082687,208
2120,2019,Cerdanyola del Vallès,082665,953
2121,2019,Cervelló,080689,641
2122,2019,Cervera,250729,1797
2123,2019,Cervià de les Garrigues,250735,238
2124,2019,Cervià de Ter,170502,283
2125,2019,Cistella,170519,475
2126,2019,Ciutadilla,250740,1010
2127,2019,Clariana de Cardener,250753,0
2128,2019,"Cogul, el",250766,981
2129,2019,Colera,170545,616
2130,2019,Coll de Nargó,250772,2264
2131,2019,Collbató,080692,534
2132,2019,Colldejou,430458,0
2133,2019,Collsuspina,080706,345
2134,2019,Colomers,170558,335
2135,2019,"Coma i la Pedra, la",251636,298
2136,2019,Conca de Dalt,251615,208
2137,2019,Conesa,430461,0
2138,2019,Constantí,430477,1418
2139,2019,Copons,080713,400
2140,2019,Corbera d'Ebre,430483,850
2141,2019,Corbera de Llobregat,080728,641
2142,2019,Corbins,250788,651
2143,2019,Corçà,170577,1833
2144,2019,Cornellà de Llobregat,080734,1357
2145,2019,Cornellà del Terri,170561,1353
2146,2019,Cornudella de Montsant,430496,1274
2147,2019,Creixell,430509,970
2148,2019,Crespià,170583,333
2149,2019,"Cruïlles, Monells i Sant Sadurní de l'Heura",179011,190
2150,2019,Cubelles,080749,1304
2151,2019,Cubells,250791,222
2152,2019,Cunit,430516,783
2153,2019,Darnius,170600,306
2154,2019,Das,170617,186
2155,2019,Deltebre,439018,1796
2156,2019,Dosrius,080752,571
2157,2019,Duesaigües,430537,412
2158,2019,"Escala, l'",170622,2420
2159,2019,Esparreguera,080765,1058
2160,2019,Espinelves,170638,507
2161,2019,"Espluga Calba, l'",250812,396
2162,2019,"Espluga de Francolí, l'",430542,1267
2163,2019,Esplugues de Llobregat,080771,1186
2164,2019,Espolla,170643,382
2165,2019,Esponellà,170656,126
2166,2019,Espot,250827,484
2167,2019,"Espunyola, l'",080787,0
2168,2019,"Esquirol, l'",082541,419
2169,2019,Estamariu,250886,0
2170,2019,"Estany, l'",080790,665
2171,2019,Estaràs,250851,0
2172,2019,Esterri d'Àneu,250864,1750
2173,2019,Esterri de Cardós,250870,0
2174,2019,Falset,430555,1588
2175,2019,"Far d'Empordà, el",170059,33
2176,2019,Farrera,250899,0
2177,2019,"Fatarella, la",430568,587
2178,2019,"Febró, la",430574,1150
2179,2019,Figaró-Montmany,081347,376
2180,2019,Fígols,080804,0
2181,2019,Fígols i Alinyà,259084,0
2182,2019,"Figuera, la",430580,0
2183,2019,Figueres,170669,2770
2184,2019,Figuerola del Camp,430593,1131
2185,2019,Flaçà,170675,517
2186,2019,Flix,430607,1804
2187,2019,"Floresta, la",250925,388
2188,2019,Fogars de la Selva,080826,1133
2189,2019,Fogars de Montclús,080811,100
2190,2019,Foixà,170681,340
2191,2019,Folgueroles,080832,469
2192,2019,Fondarella,250931,3727
2193,2019,Fonollosa,080847,142
2194,2019,Font-rubí,080850,402
2195,2019,Fontanals de Cerdanya,170694,225
2196,2019,Fontanilles,170708,201
2197,2019,Fontcoberta,170715,728
2198,2019,Foradada,250946,0
2199,2019,Forallac,179026,4588
2200,2019,Forès,430614,0
2201,2019,Fornells de la Selva,170736,5042
2202,2019,Fortià,170741,4328
2203,2019,"Franqueses del Vallès, les",080863,1645
2204,2019,Freginals,430629,832
2205,2019,"Fuliola, la",250962,1216
2206,2019,Fulleda,250978,0
2207,2019,Gaià,080902,0
2208,2019,"Galera, la",430635,787
2209,2019,Gallifa,080879,0
2210,2019,Gandesa,430640,1773
2211,2019,Garcia,430653,438
2212,2019,"Garidells, els",430666,107
2213,2019,"Garriga, la",080885,1511
2214,2019,Garrigàs,170754,1945
2215,2019,Garrigoles,170767,167
2216,2019,Garriguella,170773,382
2217,2019,Gavà,080898,1706
2218,2019,Gavet de la Conca,250984,0
2219,2019,Gelida,080919,632
2220,2019,Ger,170789,475
2221,2019,Gimenells i el Pla de la Font,259123,1308
2222,2019,Ginestar,430672,341
2223,2019,Girona,170792,1858
2224,2019,Gironella,080924,1098
2225,2019,Gisclareny,080930,0
2226,2019,Godall,430688,699
2227,2019,Golmés,250997,7188
2228,2019,Gombrèn,170806,665
2229,2019,Gósol,251001,587
2230,2019,"Granada, la",080945,1318
2231,2019,"Granadella, la",251018,721
2232,2019,Granera,080958,0
2233,2019,"Granja d'Escarp, la",251023,677
2234,2019,Granollers,080961,2238
2235,2019,Granyanella,251039,31243
2236,2019,Granyena de les Garrigues,251057,265
2237,2019,Granyena de Segarra,251044,0
2238,2019,Gratallops,430691,1144
2239,2019,Gualba,080977,386
2240,2019,Gualta,170813,3403
2241,2019,Guardiola de Berguedà,080996,1336
2242,2019,"Guiamets, els",430705,0
2243,2019,Guils de Cerdanya,170828,45
2244,2019,Guimerà,251095,2653
2245,2019,"Guingueta d'Àneu, la",259031,0
2246,2019,Guissona,251109,949
2247,2019,Guixers,251116,0
2248,2019,Gurb,081000,2755
2249,2019,Horta de Sant Joan,430712,829
2250,2019,"Hospitalet de Llobregat, l'",081017,1075
2251,2019,"Hostalets de Pierola, els",081629,349
2252,2019,Hostalric,170834,932
2253,2019,Igualada,081022,2350
2254,2019,Isona i Conca Dellà,251155,1112
2255,2019,Isòvol,170849,0
2256,2019,Ivars d'Urgell,251137,805
2257,2019,Ivars de Noguera,251121,54
2258,2019,Ivorra,251142,0
2259,2019,Jafre,170852,584
2260,2019,"Jonquera, la",170865,16753
2261,2019,Jorba,081038,2353
2262,2019,Josa i Tuixén,259101,189
2263,2019,Juià,170871,356
2264,2019,Juncosa,251180,1023
2265,2019,Juneda,251193,815
2266,2019,Les,251214,3849
2267,2019,Linyola,251229,689
2268,2019,"Llacuna, la",081043,203
2269,2019,Lladó,170887,248
2270,2019,Lladorre,251235,74
2271,2019,Lladurs,251240,0
2272,2019,"Llagosta, la",081056,738
2273,2019,Llagostera,170890,1219
2274,2019,Llambilles,170904,2068
2275,2019,Llanars,170911,509
2276,2019,Llançà,170926,1644
2277,2019,Llardecans,251253,1262
2278,2019,Llavorsí,251266,744
2279,2019,Lleida,251207,1957
2280,2019,Llers,170932,4909
2281,2019,Lles de Cerdanya,251272,2241
2282,2019,Lliçà d'Amunt,081075,899
2283,2019,Lliçà de Vall,081081,2884
2284,2019,Llimiana,251288,352
2285,2019,Llinars del Vallès,081069,1744
2286,2019,Llívia,170947,1349
2287,2019,"Lloar, el",430727,318
2288,2019,Llobera,251291,356
2289,2019,Llorac,430733,0
2290,2019,Llorenç del Penedès,430748,1614
2291,2019,Lloret de Mar,170950,1709
2292,2019,"Llosses, les",170963,92
2293,2019,Lluçà,081094,256
2294,2019,Maçanet de Cabrenys,171024,782
2295,2019,Maçanet de la Selva,171030,1193
2296,2019,Madremanya,170979,0
2297,2019,Maià de Montcal,170985,163
2298,2019,Maials,251333,512
2299,2019,Maldà,251305,505
2300,2019,Malgrat de Mar,081108,1368
2301,2019,Malla,081115,26524
2302,2019,Manlleu,081120,1200
2303,2019,Manresa,081136,2202
2304,2019,Marçà,430764,337
2305,2019,Margalef,430751,1175
2306,2019,Marganell,082423,0
2307,2019,Martorell,081141,1857
2308,2019,Martorelles,081154,1285
2309,2019,Mas de Barberans,430770,410
2310,2019,Masarac,171002,826
2311,2019,Masdenverge,430786,665
2312,2019,"Masies de Roda, les",081167,727
2313,2019,"Masies de Voltregà, les",081173,822
2314,2019,Masllorenç,430799,5790
2315,2019,"Masnou, el",081189,1072
2316,2019,"Masó, la",430803,0
2317,2019,Maspujols,430810,181
2318,2019,Masquefa,081192,1191
2319,2019,"Masroig, el",430825,421
2320,2019,Massalcoreig,251312,398
2321,2019,Massanes,171019,264
2322,2019,Massoteres,251327,0
2323,2019,Matadepera,081206,851
2324,2019,Mataró,081213,1689
2325,2019,Mediona,081228,457
2326,2019,Menàrguens,251348,166
2327,2019,Meranges,170998,0
2328,2019,Mieres,171058,41
2329,2019,"Milà, el",430831,0
2330,2019,Miralcamp,251351,221
2331,2019,Miravet,430846,424
2332,2019,Moià,081385,1221
2333,2019,"Molar, el",430859,636
2334,2019,Molins de Rei,081234,1706
2335,2019,Mollerussa,251370,2202
2336,2019,Mollet de Peralada,171061,0
2337,2019,Mollet del Vallès,081249,1436
2338,2019,Molló,171077,347
2339,2019,"Molsosa, la",251364,0
2340,2019,Monistrol de Calders,081287,396
2341,2019,Monistrol de Montserrat,081271,1011
2342,2019,Mont-ral,430918,0
2343,2019,Mont-ras,171100,3498
2344,2019,Mont-roig del Camp,430923,1299
2345,2019,Montagut i Oix,171096,316
2346,2019,Montblanc,430862,2189
2347,2019,Montbrió del Camp,430884,1412
2348,2019,Montcada i Reixac,081252,1094
2349,2019,Montclar,081304,0
2350,2019,Montellà i Martinet,251399,793
2351,2019,Montesquiu,081311,449
2352,2019,Montferrer i Castellbò,251403,5779
2353,2019,Montferri,430897,452
2354,2019,Montgai,251386,248
2355,2019,Montgat,081265,641
2356,2019,Montmajor,081326,116
2357,2019,Montmaneu,081332,220
2358,2019,"Montmell, el",430901,77
2359,2019,Montmeló,081350,1124
2360,2019,Montoliu de Lleida,251425,562
2361,2019,Montoliu de Segarra,251410,128
2362,2019,Montornès de Segarra,251431,0
2363,2019,Montornès del Vallès,081363,1102
2364,2019,Montseny,081379,278
2365,2019,Móra d'Ebre,430939,2617
2366,2019,Móra la Nova,430944,1973
2367,2019,"Morell, el",430957,1139
2368,2019,"Morera de Montsant, la",430960,599
2369,2019,Muntanyola,081290,243
2370,2019,Mura,081398,491
2371,2019,Nalec,251459,391
2372,2019,Naut Aran,250254,2148
2373,2019,Navarcles,081402,859
2374,2019,Navàs,081419,1379
2375,2019,Navata,171117,254
2376,2019,Navès,251462,0
2377,2019,"Nou de Berguedà, la",081424,0
2378,2019,"Nou de Gaià, la",430976,391
2379,2019,Nulles,430982,193
2380,2019,Odèn,251484,269
2381,2019,Òdena,081430,1692
2382,2019,Ogassa,171122,0
2383,2019,Olèrdola,081458,4496
2384,2019,Olesa de Bonesvalls,081461,361
2385,2019,Olesa de Montserrat,081477,1042
2386,2019,Oliana,251497,3676
2387,2019,Oliola,251500,0
2388,2019,Olius,251517,1908
2389,2019,Olivella,081483,349
2390,2019,Olost,081496,725
2391,2019,Olot,171143,1769
2392,2019,"Oluges, les",251522,0
2393,2019,Olvan,081445,3089
2394,2019,"Omellons, els",251538,237
2395,2019,"Omells de na Gaia, els",251543,0
2396,2019,Ordis,171156,105
2397,2019,Organyà,251556,1255
2398,2019,Orís,081509,0
2399,2019,Oristà,081516,444
2400,2019,Orpí,081521,0
2401,2019,Òrrius,081537,227
2402,2019,Os de Balaguer,251569,627
2403,2019,Osor,171169,103
2404,2019,Ossó de Sió,251575,0
2405,2019,Pacs del Penedès,081542,625
2406,2019,Palafolls,081555,912
2407,2019,Palafrugell,171175,2037
2408,2019,Palamós,171181,2161
2409,2019,"Palau d'Anglesola, el",251581,717
2410,2019,Palau de Santa Eulàlia,171194,0
2411,2019,Palau-sator,171215,997
2412,2019,Palau-saverdera,171208,440
2413,2019,Palau-solità i Plegamans,081568,1465
2414,2019,"Pallaresos, els",431009,637
2415,2019,Pallejà,081574,859
2416,2019,"Palma d'Ebre, la",430995,379
2417,2019,"Palma de Cervelló, la",089058,2284
2418,2019,Palol de Revardit,171236,2297
2419,2019,Pals,171241,2443
2420,2019,"Papiol, el",081580,1272
2421,2019,Pardines,171254,0
2422,2019,Parets del Vallès,081593,2081
2423,2019,Parlavà,171267,1904
2424,2019,Passanant i Belltall,431016,0
2425,2019,Pau,171289,659
2426,2019,Paüls,431021,405
2427,2019,Pedret i Marzà,171292,2455
2428,2019,Penelles,251641,980
2429,2019,"Pera, la",171306,1435
2430,2019,Perafita,081607,466
2431,2019,Perafort,431037,2210
2432,2019,Peralada,171328,346
2433,2019,Peramola,251654,378
2434,2019,"Perelló, el",431042,823
2435,2019,Piera,081614,918
2436,2019,"Piles, les",431055,0
2437,2019,Pineda de Mar,081635,1224
2438,2019,"Pinell de Brai, el",431068,1240
2439,2019,Pinell de Solsonès,251667,500
2440,2019,Pinós,251673,3467
2441,2019,Pira,431074,422
2442,2019,"Pla de Santa Maria, el",431080,510
2443,2019,"Pla del Penedès, el",081640,1213
2444,2019,"Planes d'Hostoles, les",171334,573
2445,2019,Planoles,171349,222
2446,2019,"Plans de Sió, els",259118,733
2447,2019,"Poal, el",251689,556
2448,2019,"Pobla de Cérvoles, la",251692,178
2449,2019,"Pobla de Claramunt, la",081653,1249
2450,2019,"Pobla de Lillet, la",081666,779
2451,2019,"Pobla de Mafumet, la",431093,496
2452,2019,"Pobla de Massaluca, la",431107,1104
2453,2019,"Pobla de Montornès, la",431114,338
2454,2019,"Pobla de Segur, la",251713,1400
2455,2019,Poboleda,431129,751
2456,2019,Polinyà,081672,892
2457,2019,"Pont d'Armentera, el",431135,945
2458,2019,"Pont de Bar, el",250306,172
2459,2019,Pont de Molins,171352,2032
2460,2019,"Pont de Suert, el",251734,2068
2461,2019,"Pont de Vilomara i Rocafort, el",081825,524
2462,2019,Pontils,431418,0
2463,2019,Pontons,081688,256
2464,2019,Pontós,171365,711
2465,2019,Ponts,251728,1821
2466,2019,Porqueres,171371,941
2467,2019,Porrera,431140,435
2468,2019,"Port de la Selva, el",171404,2581
2469,2019,Portbou,171387,1371
2470,2019,"Portella, la",251749,916
2471,2019,Pradell de la Teixeta,431153,428
2472,2019,Prades,431166,1015
2473,2019,Prat de Comte,431172,71
2474,2019,"Prat de Llobregat, el",081691,1698
2475,2019,Pratdip,431188,432
2476,2019,Prats de Lluçanès,081712,1674
2477,2019,"Prats de Rei, els",081705,1261
2478,2019,Prats i Sansor,251752,3233
2479,2019,Preixana,251765,317
2480,2019,Preixens,251771,134
2481,2019,Premià de Dalt,082303,385
2482,2019,Premià de Mar,081727,993
2483,2019,"Preses, les",171390,4432
2484,2019,Prullans,251790,1372
2485,2019,Puig-reig,081751,1275
2486,2019,Puigcerdà,171411,2387
2487,2019,Puigdàlber,081748,354
2488,2019,Puiggròs,251804,138
2489,2019,Puigpelat,431191,700
2490,2019,Puigverd d'Agramunt,251811,0
2491,2019,Puigverd de Lleida,251826,452
2492,2019,Pujalt,081764,186
2493,2019,"Quar, la",081770,0
2494,2019,Quart,171426,516
2495,2019,Queralbs,170433,94
2496,2019,Querol,431205,0
2497,2019,Rabós,171432,197
2498,2019,Rajadell,081786,1845
2499,2019,Rasquera,431212,1496
2500,2019,Regencós,171447,1476
2501,2019,Rellinars,081799,138
2502,2019,Renau,431227,0
2503,2019,Reus,431233,2095
2504,2019,Rialp,251832,1136
2505,2019,Riba-roja d'Ebre,431251,887
2506,2019,"Riba, la",431248,168
2507,2019,Ribera d'Ondara,259059,188
2508,2019,Ribera d'Urgellet,251850,428
2509,2019,Ribes de Freser,171450,853
2510,2019,Riells i Viabrea,171463,588
2511,2019,"Riera de Gaià, la",431264,497
2512,2019,Riner,251863,0
2513,2019,Ripoll,171479,1598
2514,2019,Ripollet,081803,1095
2515,2019,Riu de Cerdanya,259139,376
2516,2019,Riudarenes,171485,530
2517,2019,Riudaura,171498,209
2518,2019,Riudecanyes,431270,415
2519,2019,Riudecols,431286,716
2520,2019,Riudellots de la Selva,171501,2472
2521,2019,Riudoms,431299,2516
2522,2019,Riumors,171518,27
2523,2019,"Roca del Vallès, la",081810,2335
2524,2019,Rocafort de Queralt,431303,0
2525,2019,Roda de Berà,431310,1868
2526,2019,Roda de Ter,081831,811
2527,2019,Rodonyà,431325,5469
2528,2019,Roquetes,431331,1274
2529,2019,Roses,171523,1942
2530,2019,Rosselló,251898,857
2531,2019,"Rourell, el",431346,0
2532,2019,Rubí,081846,981
2533,2019,Rubió,081859,347
2534,2019,Rupià,171539,1202
2535,2019,Rupit i Pruit,089019,1097
2536,2019,Sabadell,081878,1637
2537,2019,Sagàs,081884,0
2538,2019,Salàs de Pallars,251902,81
2539,2019,Saldes,081901,2825
2540,2019,Sales de Llierca,171544,0
2541,2019,Sallent,081918,1642
2542,2019,Salomó,431359,280
2543,2019,Salou,439057,1308
2544,2019,Salt,171557,1557
2545,2019,Sanaüja,251919,445
2546,2019,Sant Adrià de Besòs,081944,1504
2547,2019,Sant Agustí de Lluçanès,081957,941
2548,2019,Sant Andreu de la Barca,081960,1022
2549,2019,Sant Andreu de Llavaneres,081976,983
2550,2019,Sant Andreu Salou,171576,832
2551,2019,Sant Aniol de Finestres,171833,264
2552,2019,Sant Antoni de Vilamajor,081982,859
2553,2019,Sant Bartomeu del Grau,081995,362
2554,2019,Sant Boi de Llobregat,082009,1690
2555,2019,Sant Boi de Lluçanès,082016,719
2556,2019,Sant Carles de la Ràpita,431362,1605
2557,2019,Sant Cebrià de Vallalta,082037,734
2558,2019,Sant Celoni,082021,1850
2559,2019,Sant Climent de Llobregat,082042,168
2560,2019,Sant Climent Sescebes,171582,350
2561,2019,Sant Cugat del Vallès,082055,1294
2562,2019,Sant Cugat Sesgarrigues,082068,5764
2563,2019,Sant Esteve de la Sarga,251961,0
2564,2019,Sant Esteve de Palautordera,082074,727
2565,2019,Sant Esteve Sesrovires,082080,639
2566,2019,Sant Feliu de Buixalleu,171595,1989
2567,2019,Sant Feliu de Codines,082107,649
2568,2019,Sant Feliu de Guíxols,171609,1420
2569,2019,Sant Feliu de Llobregat,082114,854
2570,2019,Sant Feliu de Pallerols,171616,436
2571,2019,Sant Feliu Sasserra,082129,468
2572,2019,Sant Ferriol,171621,527
2573,2019,Sant Fost de Campsentelles,082093,628
2574,2019,Sant Fruitós de Bages,082135,3668
2575,2019,Sant Gregori,171637,684
2576,2019,Sant Guim de Freixenet,251924,1329
2577,2019,Sant Guim de la Plana,251977,0
2578,2019,Sant Hilari Sacalm,171642,1277
2579,2019,Sant Hipòlit de Voltregà,082153,683
2580,2019,Sant Iscle de Vallalta,081939,1512
2581,2019,Sant Jaume d'Enveja,439023,766
2582,2019,Sant Jaume de Frontanyà,082166,333
2583,2019,Sant Jaume de Llierca,171655,1254
2584,2019,Sant Jaume dels Domenys,431378,2121
2585,2019,Sant Joan de les Abadesses,171674,864
2586,2019,Sant Joan de Mollet,171680,426
2587,2019,Sant Joan de Vilatorrada,082188,1146
2588,2019,Sant Joan Despí,082172,894
2589,2019,Sant Joan les Fonts,171851,1000
2590,2019,Sant Jordi Desvalls,171668,909
2591,2019,Sant Julià de Cerdanyola,089030,184
2592,2019,Sant Julià de Ramis,171693,1435
2593,2019,Sant Julià de Vilatorta,082205,248
2594,2019,Sant Julià del Llor i Bonmatí,179032,185
2595,2019,Sant Just Desvern,082212,889
2596,2019,Sant Llorenç d'Hortons,082227,1132
2597,2019,Sant Llorenç de la Muga,171714,515
2598,2019,Sant Llorenç de Morunys,251930,1407
2599,2019,Sant Llorenç Savall,082233,690
2600,2019,Sant Martí d'Albars,082251,0
2601,2019,Sant Martí de Centelles,082248,324
2602,2019,Sant Martí de Llémena,171729,36
2603,2019,Sant Martí de Riucorb,259025,166
2604,2019,Sant Martí de Tous,082264,1037
2605,2019,Sant Martí Sarroca,082270,1501
2606,2019,Sant Martí Sesgueioles,082286,478
2607,2019,Sant Martí Vell,171735,0
2608,2019,Sant Mateu de Bages,082299,638
2609,2019,Sant Miquel de Campmajor,171740,0
2610,2019,Sant Miquel de Fluvià,171753,245
2611,2019,Sant Mori,171766,379
2612,2019,Sant Pau de Segúries,171772,680
2613,2019,Sant Pere de Ribes,082310,1288
2614,2019,Sant Pere de Riudebitlles,082325,1293
2615,2019,Sant Pere de Torelló,082331,512
2616,2019,Sant Pere de Vilamajor,082346,263
2617,2019,Sant Pere Pescador,171788,3069
2618,2019,Sant Pere Sallavinera,081897,99
2619,2019,Sant Pol de Mar,082359,1042
2620,2019,Sant Quintí de Mediona,082362,620
2621,2019,Sant Quirze de Besora,082378,1941
2622,2019,Sant Quirze del Vallès,082384,1931
2623,2019,Sant Quirze Safaja,082397,89
2624,2019,Sant Ramon,251945,2179
2625,2019,Sant Sadurní d'Anoia,082401,1284
2626,2019,Sant Sadurní d'Osormort,082418,0
2627,2019,Sant Salvador de Guardiola,080983,265
2628,2019,Sant Vicenç de Castellet,082628,671
2629,2019,Sant Vicenç de Montalt,082649,686
2630,2019,Sant Vicenç de Torelló,082652,210
2631,2019,Sant Vicenç dels Horts,082634,1155
2632,2019,Santa Bàrbara,431384,1568
2633,2019,Santa Cecília de Voltregà,082439,0
2634,2019,Santa Coloma de Cervelló,082444,535
2635,2019,Santa Coloma de Farners,171805,1207
2636,2019,Santa Coloma de Gramenet,082457,900
2637,2019,Santa Coloma de Queralt,431397,1162
2638,2019,Santa Cristina d'Aro,171812,1212
2639,2019,Santa Eugènia de Berga,082460,411
2640,2019,Santa Eulàlia de Riuprimer,082476,352
2641,2019,Santa Eulàlia de Ronçana,082482,710
2642,2019,Santa Fe del Penedès,082495,0
2643,2019,Santa Llogaia d'Àlguema,171827,13441
2644,2019,Santa Margarida de Montbui,082508,720
2645,2019,Santa Margarida i els Monjos,082515,715
2646,2019,Santa Maria d'Oló,082589,996
2647,2019,Santa Maria de Besora,082536,87
2648,2019,Santa Maria de Martorelles,082567,113
2649,2019,Santa Maria de Merlès,082554,0
2650,2019,Santa Maria de Miralles,082573,2087
2651,2019,Santa Maria de Palautordera,082592,1014
2652,2019,Santa Oliva,431401,1774
2653,2019,Santa Pau,171848,502
2654,2019,Santa Perpètua de Mogoda,082606,1086
2655,2019,Santa Susanna,082613,4251
2656,2019,Santpedor,081923,739
2657,2019,Sarral,431423,523
2658,2019,Sarrià de Ter,171864,3372
2659,2019,Sarroca de Bellera,252017,802
2660,2019,Sarroca de Lleida,252000,380
2661,2019,"Saus, Camallera i Llampaies",171870,1281
2662,2019,Savallà del Comtat,431439,0
2663,2019,"Secuita, la",431444,350
2664,2019,"Selva de Mar, la",171886,0
2665,2019,"Selva del Camp, la",431457,1756
2666,2019,Senan,431460,0
2667,2019,"Sénia, la",430445,3188
2668,2019,Senterada,252022,321
2669,2019,"Sentiu de Sió, la",250352,594
2670,2019,Sentmenat,082671,1282
2671,2019,Serinyà,171903,733
2672,2019,Seròs,252043,757
2673,2019,Serra de Daró,171910,6172
2674,2019,Setcases,171925,1254
2675,2019,"Seu d'Urgell, la",252038,1648
2676,2019,Seva,082690,321
2677,2019,Sidamon,252056,2040
2678,2019,Sils,171931,1014
2679,2019,Sitges,082704,1620
2680,2019,Siurana,170524,0
2681,2019,Sobremunt,082711,0
2682,2019,"Soleràs, el",252069,202
2683,2019,Solivella,431476,703
2684,2019,Solsona,252075,2200
2685,2019,Sora,082726,2665
2686,2019,Soriguera,252081,137
2687,2019,Sort,252094,3107
2688,2019,Soses,252108,1490
2689,2019,Subirats,082732,703
2690,2019,Sudanell,252115,545
2691,2019,Sunyer,252120,4128
2692,2019,Súria,082747,1110
2693,2019,Susqueda,171946,0
2694,2019,Tagamanent,082763,641
2695,2019,Talamanca,082779,272
2696,2019,Talarn,252154,2858
2697,2019,Talavera,252167,473
2698,2019,"Tallada d'Empordà, la",171959,1041
2699,2019,Taradell,082785,740
2700,2019,Tarragona,431482,1972
2701,2019,Tàrrega,252173,2420
2702,2019,Tarrés,252189,66
2703,2019,Tarroja de Segarra,252192,75
2704,2019,Tavèrnoles,082750,0
2705,2019,Tavertet,082802,0
2706,2019,Teià,082819,722
2707,2019,Térmens,252206,1545
2708,2019,Terrades,171962,21
2709,2019,Terrassa,082798,1632
2710,2019,Tiana,082824,519
2711,2019,Tírvia,252213,130
2712,2019,Tiurana,252228,0
2713,2019,Tivenys,431495,412
2714,2019,Tivissa,431508,624
2715,2019,Tona,082830,1285
2716,2019,Torà,252234,1094
2717,2019,Tordera,082845,1144
2718,2019,Torelló,082858,1468
2719,2019,"Torms, els",252249,521
2720,2019,Tornabous,252252,428
2721,2019,"Torre de Cabdella, la",252271,155
2722,2019,"Torre de Claramunt, la",082861,673
2723,2019,"Torre de Fontaubella, la",431515,0
2724,2019,"Torre de l'Espanyol, la",431520,275
2725,2019,Torre-serona,252332,290
2726,2019,Torrebesses,252265,266
2727,2019,Torredembarra,431536,1695
2728,2019,Torrefarrera,252287,2881
2729,2019,Torrefeta i Florejacs,259078,166
2730,2019,Torregrossa,252304,442
2731,2019,Torrelameu,252311,1328
2732,2019,Torrelavit,082877,395
2733,2019,Torrelles de Foix,082883,516
2734,2019,Torrelles de Llobregat,082896,447
2735,2019,Torrent,171978,663
2736,2019,Torres de Segre,252326,3043
2737,2019,Torroella de Fluvià,171984,1161
2738,2019,Torroella de Montgrí,171997,2017
2739,2019,Torroja del Priorat,431541,0
2740,2019,Tortellà,172001,879
2741,2019,Tortosa,431554,2283
2742,2019,Toses,172018,0
2743,2019,Tossa de Mar,172023,2371
2744,2019,Tremp,252347,2049
2745,2019,Ullà,172044,1009
2746,2019,Ullastrell,082900,355
2747,2019,Ullastret,172057,231
2748,2019,Ulldecona,431567,1475
2749,2019,Ulldemolins,431573,641
2750,2019,Ultramort,172039,0
2751,2019,Urús,172060,0
2752,2019,Vacarisses,082917,851
2753,2019,"Vajol, la",170144,427
2754,2019,"Vall d'en Bas, la",172076,384
2755,2019,"Vall de Bianya, la",172082,340
2756,2019,"Vall de Boí, la",250432,1428
2757,2019,Vall de Cardós,259010,129
2758,2019,Vall-llobrega,172095,2328
2759,2019,Vallbona d'Anoia,082922,299
2760,2019,Vallbona de les Monges,252385,412
2761,2019,Vallcebre,082938,656
2762,2019,Vallclara,431589,704
2763,2019,Vallfogona de Balaguer,252402,3633
2764,2019,Vallfogona de Ripollès,171707,417
2765,2019,Vallfogona de Riucorb,431592,3121
2766,2019,Vallgorguina,082943,304
2767,2019,Vallirana,082956,870
2768,2019,Vallmoll,431606,2237
2769,2019,Vallromanes,082969,362
2770,2019,Valls,431613,1872
2771,2019,"Valls d'Aguilar, les",259062,0
2772,2019,"Valls de Valira, les",252398,16
2773,2019,Vandellòs i l'Hospitalet de l'Infant,431628,2128
2774,2019,"Vansa i Fórnols, la",259097,6
2775,2019,Veciana,082975,0
2776,2019,"Vendrell, el",431634,2000
2777,2019,Ventalló,172109,584
2778,2019,Verdú,252424,707
2779,2019,Verges,172116,1062
2780,2019,Vespella de Gaià,431649,0
2781,2019,Vic,082981,2634
2782,2019,Vidrà,172121,395
2783,2019,Vidreres,172137,1024
2784,2019,Vielha e Mijaran,252430,3299
2785,2019,Vila-rodona,431704,1415
2786,2019,Vila-sacra,172305,8257
2787,2019,Vila-sana,252521,3910
2788,2019,Vila-seca,431711,1356
2789,2019,Vilabella,431652,993
2790,2019,Vilabertran,172142,236
2791,2019,Vilablareix,172155,1656
2792,2019,Vilada,082994,671
2793,2019,Viladamat,172174,1645
2794,2019,Viladasens,172168,0
2795,2019,Viladecans,083015,1194
2796,2019,Viladecavalls,083008,686
2797,2019,Vilademuls,172180,535
2798,2019,Viladrau,172207,809
2799,2019,Vilafant,172214,326
2800,2019,Vilafranca del Penedès,083054,2431
2801,2019,Vilagrassa,252445,5013
2802,2019,Vilajuïga,172235,657
2803,2019,Vilalba dels Arcs,431750,314
2804,2019,Vilalba Sasserra,083067,561
2805,2019,Vilaller,252458,1034
2806,2019,Vilallonga de Ter,172240,618
2807,2019,Vilallonga del Camp,431665,486
2808,2019,Vilamacolum,172253,454
2809,2019,Vilamalla,172266,9587
2810,2019,Vilamaniscle,172272,65
2811,2019,Vilamòs,252477,4652
2812,2019,Vilanant,172288,827
2813,2019,Vilanova d'Escornalbou,431671,409
2814,2019,Vilanova de Bellpuig,252483,185
2815,2019,Vilanova de l'Aguda,252496,0
2816,2019,Vilanova de la Barca,252542,1072
2817,2019,Vilanova de Meià,252509,617
2818,2019,Vilanova de Prades,431687,63
2819,2019,Vilanova de Sau,083036,90
2820,2019,Vilanova de Segrià,252516,617
2821,2019,Vilanova del Camí,083020,883
2822,2019,Vilanova del Vallès,089024,1121
2823,2019,Vilanova i la Geltrú,083073,1451
2824,2019,Vilaplana,431690,563
2825,2019,Vilassar de Dalt,082140,782
2826,2019,Vilassar de Mar,082191,1168
2827,2019,Vilaür,172229,83
2828,2019,Vilaverd,431726,951
2829,2019,"Vilella Alta, la",431732,148
2830,2019,"Vilella Baixa, la",431747,198
2831,2019,Vilobí d'Onyar,172333,885
2832,2019,Vilobí del Penedès,083041,229
2833,2019,Vilopriu,172327,0
2834,2019,"Vilosell, el",252537,118
2835,2019,Vimbodí i Poblet,431763,766
2836,2019,Vinaixa,252555,555
2837,2019,Vinebre,431779,460
2838,2019,Vinyols i els Arcs,431785,2054
2839,2019,Viver i Serrateix,083089,0
2840,2019,Xerta,430521,532
