,Codi,Literal,1,2,3,4,5,6 i més,Any
0,250019,Abella de la Conca,19,11,10,11,5,6,2001
1,080018,Abrera,534,920,773,667,170,59,2001
2,250024,Àger,67,49,38,24,10,12,2001
3,250030,Agramunt,264,384,302,297,131,137,2001
4,080023,Aguilar de Segarra,17,19,13,11,8,6,2001
5,170010,Agullana,63,81,59,40,12,7,2001
6,080142,Aiguafreda,159,254,153,158,52,15,2001
7,430017,Aiguamúrcia,87,79,25,41,18,12,2001
8,170025,Aiguaviva,17,27,35,39,11,16,2001
9,250387,Aitona,119,150,141,142,62,56,2001
10,250045,"Alamús, els",31,61,52,45,21,13,2001
11,250058,Alàs i Cerc,38,30,29,18,17,9,2001
12,250061,"Albagés, l'",46,53,24,36,18,9,2001
13,170031,Albanyà,14,12,4,7,1,2,2001
14,250077,Albatàrrec,86,95,90,88,39,21,2001
15,250083,Albesa,84,125,112,99,55,24,2001
16,250096,"Albi, l'",69,66,69,56,20,11,2001
17,430022,Albinyana,144,160,122,109,45,22,2001
18,430038,"Albiol, l'",26,16,13,17,4,1,2001
19,170046,Albons,59,54,35,36,13,8,2001
20,430043,Alcanar,544,785,613,571,225,102,2001
21,250100,Alcanó,13,23,17,11,10,8,2001
22,250117,Alcarràs,232,401,395,370,124,70,2001
23,250122,Alcoletge,99,159,128,134,55,22,2001
24,430056,Alcover,235,366,306,305,105,48,2001
25,439044,"Aldea, l'",244,373,260,255,79,40,2001
26,430069,Aldover,49,68,52,50,24,18,2001
27,430075,"Aleixar, l'",63,74,46,49,19,13,2001
28,080039,Alella,354,568,642,701,258,120,2001
29,430081,Alfara de Carles,27,28,24,15,15,9,2001
30,250138,Alfarràs,168,280,258,199,74,45,2001
31,250143,Alfés,19,31,27,16,9,8,2001
32,430094,Alforja,109,147,95,106,31,9,2001
33,250156,Algerri,35,44,40,22,18,12,2001
34,250169,Alguaire,183,244,221,217,69,28,2001
35,250175,Alins,35,19,20,20,8,3,2001
36,430108,Alió,31,40,28,19,5,12,2001
37,250194,Almacelles,317,517,426,408,145,72,2001
38,250208,Almatret,53,57,27,26,11,9,2001
39,250215,Almenar,194,300,273,268,88,48,2001
40,430115,Almoster,47,73,64,101,17,11,2001
41,250220,Alòs de Balaguer,24,15,12,9,3,4,2001
42,170062,Alp,185,101,92,78,29,15,2001
43,080044,Alpens,23,26,20,23,4,5,2001
44,250236,Alpicat,171,312,317,385,138,52,2001
45,250241,Alt Àneu,60,39,25,27,8,7,2001
46,430120,Altafulla,296,305,241,257,80,36,2001
47,170078,Amer,160,201,173,166,53,25,2001
48,430136,"Ametlla de Mar, l'",440,639,392,351,93,35,2001
49,080057,"Ametlla del Vallès, l'",273,506,474,509,163,72,2001
50,439060,"Ampolla, l'",209,263,156,126,37,16,2001
51,430141,Amposta,1011,1666,1392,1254,384,204,2001
52,170084,Anglès,320,458,396,340,117,53,2001
53,250273,Anglesola,83,115,93,77,43,16,2001
54,250292,Arbeca,137,226,177,139,70,46,2001
55,430167,"Arboç, l'",220,341,307,296,80,42,2001
56,430154,Arbolí,12,9,9,7,3,3,2001
57,170097,Arbúcies,356,499,396,398,100,55,2001
58,080060,Arenys de Mar,980,1263,991,950,291,116,2001
59,080076,Arenys de Munt,452,639,511,519,169,66,2001
60,170101,Argelaguer,32,32,27,30,9,8,2001
61,080082,Argençola,15,10,9,16,3,8,2001
62,430173,"Argentera, l'",27,14,9,9,4,1,2001
63,080095,Argentona,509,797,746,814,289,125,2001
64,170118,"Armentera, l'",81,80,57,52,17,6,2001
65,430189,Arnes,42,50,33,25,12,15,2001
66,250313,Arres,9,2,5,2,2,2,2001
67,250328,Arsèguel,6,11,5,4,4,3,2001
68,080109,Artés,227,415,378,347,110,56,2001
69,250334,Artesa de Lleida,63,116,119,96,39,13,2001
70,250349,Artesa de Segre,270,286,261,195,89,57,2001
71,430192,Ascó,153,155,111,129,45,13,2001
72,250365,Aspa,25,38,17,20,2,4,2001
73,250371,"Avellanes i Santa Linya, les",44,43,38,29,9,10,2001
74,080116,Avià,107,204,158,129,49,22,2001
75,080121,Avinyó,103,183,170,151,54,27,2001
76,170123,Avinyonet de Puigventós,50,77,70,75,20,9,2001
77,080137,Avinyonet del Penedès,73,115,81,96,36,23,2001
78,080155,Badalona,11549,19465,17579,16668,4677,1806,2001
79,089045,Badia del Vallès,740,1316,1326,1160,365,138,2001
80,080168,Bagà,165,239,143,170,44,15,2001
81,250390,Baix Pallars,51,34,26,22,11,3,2001
82,250404,Balaguer,945,1274,1027,985,333,153,2001
83,080174,Balenyà,136,250,258,251,78,59,2001
84,080180,Balsareny,180,348,292,243,63,20,2001
85,430206,Banyeres del Penedès,106,153,149,130,55,13,2001
86,170157,Banyoles,5051,1107,728,599,217,136,2001
87,250411,Barbens,51,61,55,38,23,23,2001
88,430213,Barberà de la Conca,57,48,23,33,10,2,2001
89,082520,Barberà del Vallès,1130,2222,2324,2397,596,199,2001
90,080193,Barcelona,155463,177426,125780,96668,27345,11770,2001
91,250426,"Baronia de Rialb, la",25,20,19,15,7,9,2001
92,170160,Bàscara,46,82,51,52,30,14,2001
93,250447,Bassella,21,11,12,12,12,12,2001
94,430228,Batea,114,180,128,118,52,65,2001
95,250450,Bausen,11,7,5,2,1,0,2001
96,080207,Begues,211,355,363,450,120,42,2001
97,170139,Begur,368,340,242,254,75,43,2001
98,250463,Belianes,58,63,41,45,15,4,2001
99,251706,Bellaguarda,27,29,22,24,9,11,2001
100,170182,Bellcaire d'Empordà,49,50,45,38,10,11,2001
101,250479,Bellcaire d'Urgell,88,115,100,94,33,20,2001
102,250485,Bell-lloc d'Urgell,123,217,146,151,58,27,2001
103,250498,Bellmunt d'Urgell,16,19,18,12,6,8,2001
104,430234,Bellmunt del Priorat,43,43,22,18,5,3,2001
105,080214,Bellprat,9,4,5,3,5,3,2001
106,250501,Bellpuig,250,373,309,291,118,51,2001
107,430249,Bellvei,96,128,105,100,43,18,2001
108,250518,Bellver de Cerdanya,226,143,131,96,31,22,2001
109,250523,Bellvís,187,212,151,150,50,30,2001
110,250539,Benavent de Segrià,60,74,73,83,34,18,2001
111,430252,Benifallet,47,68,47,56,36,19,2001
112,430265,Benissanet,72,111,87,65,29,15,2001
113,080229,Berga,1321,1663,1281,974,265,114,2001
114,170195,Besalú,156,229,182,131,46,18,2001
115,170209,Bescanó,185,297,292,255,80,36,2001
116,170216,Beuda,8,15,11,7,4,2,2001
117,080235,Bigues i Riells del Fai,271,535,474,482,133,85,2001
118,250557,Biosca,22,14,11,18,13,3,2001
119,170221,"Bisbal d'Empordà, la",535,811,643,585,201,105,2001
120,430271,"Bisbal de Falset, la",13,22,14,18,7,7,2001
121,430287,"Bisbal del Penedès, la",196,246,157,141,42,33,2001
122,172348,Biure,34,26,20,12,5,2,2001
123,430290,Blancafort,42,35,37,18,12,6,2001
124,170237,Blanes,2384,3069,2400,2341,660,332,2001
125,170293,Boadella i les Escaules,18,26,15,13,6,3,2001
126,170242,Bolvir,45,18,19,17,6,5,2001
127,430304,Bonastre,49,44,31,21,6,3,2001
128,250576,"Bòrdes, Es",22,21,12,11,7,4,2001
129,170255,Bordils,83,113,107,110,34,16,2001
130,250582,"Borges Blanques, les",344,520,385,389,136,57,2001
131,430311,"Borges del Camp, les",134,164,119,105,40,25,2001
132,170268,Borrassà,30,47,32,36,21,12,2001
133,080240,Borredà,47,47,33,37,8,9,2001
134,250595,Bossòst,86,76,82,66,26,12,2001
135,430326,Bot,44,84,57,48,26,16,2001
136,430332,Botarell,54,63,56,45,27,11,2001
137,250560,Bovera,35,35,25,21,10,11,2001
138,430347,Bràfim,68,56,38,40,16,7,2001
139,170274,Breda,213,331,294,249,76,37,2001
140,080253,"Bruc, el",115,129,95,75,32,15,2001
141,080266,"Brull, el",11,11,14,8,7,6,2001
142,170280,Brunyola i Sant Martí Sapresa,13,29,30,14,7,16,2001
143,430350,Cabacés,28,24,24,21,15,6,2001
144,250609,Cabanabona,12,8,4,6,2,3,2001
145,170314,Cabanelles,26,26,8,18,7,2,2001
146,170307,Cabanes,57,84,49,47,25,11,2001
147,080272,"Cabanyes, les",20,56,42,42,13,10,2001
148,250616,Cabó,13,9,7,5,5,3,2001
149,430363,Cabra del Camp,63,79,41,50,20,6,2001
150,080288,Cabrera d'Anoia,62,79,47,41,13,11,2001
151,080291,Cabrera de Mar,219,270,276,295,125,58,2001
152,080305,Cabrils,242,382,348,429,169,83,2001
153,170329,Cadaqués,263,224,140,151,30,18,2001
154,080312,Calaf,195,280,242,220,86,27,2001
155,430379,Calafell,1463,1710,972,867,282,124,2001
156,080348,Calders,62,70,70,61,19,6,2001
157,080327,Caldes d'Estrac,212,225,155,117,32,24,2001
158,170335,Caldes de Malavella,288,393,339,298,96,59,2001
159,080333,Caldes de Montbui,795,1273,1164,1094,311,141,2001
160,080351,Calella,1335,1440,1108,857,272,175,2001
161,080370,Calldetenes,84,129,141,190,48,28,2001
162,080386,Callús,76,145,108,94,30,18,2001
163,080364,Calonge de Segarra,10,12,12,9,4,11,2001
164,170340,Calonge i Sant Antoni,2722,613,290,255,97,48,2001
165,250621,Camarasa,78,83,60,49,23,21,2001
166,439039,Camarles,133,316,218,211,84,35,2001
167,430385,Cambrils,1733,2030,1684,1508,492,224,2001
168,170353,Camós,20,41,43,47,23,16,2001
169,170366,Campdevànol,246,383,309,240,55,22,2001
170,170372,Campelles,17,11,8,4,3,4,2001
171,080399,Campins,38,29,21,19,7,4,2001
172,170388,Campllong,18,32,17,23,11,5,2001
173,170391,Camprodon,281,226,196,140,35,21,2001
174,250637,Canejan,20,10,5,7,0,4,2001
175,170405,Canet d'Adri,49,47,32,34,15,12,2001
176,080403,Canet de Mar,816,1131,836,797,236,92,2001
177,080410,Canovelles,548,1051,1019,1077,359,160,2001
178,080425,Cànoves i Samalús,99,182,130,150,64,26,2001
179,170412,Cantallops,31,25,27,9,8,3,2001
180,080431,Canyelles,176,235,165,155,44,28,2001
181,430398,Capafonts,18,21,12,2,1,1,2001
182,430402,Capçanes,51,28,24,31,13,7,2001
183,080446,Capellades,246,437,365,396,140,55,2001
184,170427,Capmany,32,59,40,30,13,5,2001
185,080459,Capolat,6,4,7,4,3,0,2001
186,080462,Cardedeu,674,1230,1041,1033,314,121,2001
187,080478,Cardona,416,552,407,377,115,79,2001
188,080484,Carme,53,60,32,52,17,17,2001
189,430419,Caseres,29,31,23,18,7,8,2001
190,170448,Cassà de la Selva,543,760,552,607,200,77,2001
191,080497,Casserres,118,163,125,104,38,16,2001
192,080575,Castell de l'Areny,8,10,4,2,2,0,2001
193,259046,Castell de Mur,27,18,9,8,3,2,2001
194,250642,Castellar de la Ribera,9,6,5,4,3,12,2001
195,080522,Castellar de n'Hug,18,14,14,9,2,4,2001
196,080500,Castellar del Riu,15,14,5,12,1,1,2001
197,080517,Castellar del Vallès,823,1698,1511,1549,417,173,2001
198,080538,Castellbell i el Vilar,226,293,235,198,78,31,2001
199,080543,Castellbisbal,386,874,767,746,206,101,2001
200,080556,Castellcir,29,39,27,32,13,4,2001
201,250674,Castelldans,76,115,70,63,21,10,2001
202,080569,Castelldefels,3210,4470,3892,3521,1021,471,2001
203,080581,Castellet i la Gornal,143,164,107,111,31,15,2001
204,170464,Castellfollit de la Roca,100,114,77,65,17,9,2001
205,080608,Castellfollit de Riubregós,17,13,13,11,13,5,2001
206,080594,Castellfollit del Boix,34,28,24,24,11,11,2001
207,080615,Castellgalí,66,84,89,62,22,17,2001
208,080620,Castellnou de Bages,36,53,50,50,14,6,2001
209,250680,Castellnou de Seana,67,58,55,43,15,15,2001
210,170470,Castelló d'Empúries,706,696,389,401,109,70,2001
211,250693,Castelló de Farfanya,54,54,28,35,25,10,2001
212,080636,Castellolí,32,29,31,29,16,8,2001
213,170486,Castell-Platja d'Aro,962,750,511,428,134,64,2001
214,250707,Castellserà,80,95,78,78,36,17,2001
215,080641,Castellterçol,174,205,148,140,47,22,2001
216,430424,Castellvell del Camp,67,102,102,140,52,21,2001
217,080654,Castellví de la Marca,82,111,114,93,44,30,2001
218,080667,Castellví de Rosanes,59,102,99,115,26,6,2001
219,430430,"Catllar, el",145,239,210,211,63,27,2001
220,250714,Cava,10,6,4,2,1,1,2001
221,171899,"Cellera de Ter, la",131,162,152,145,59,28,2001
222,170499,Celrà,161,249,234,202,75,28,2001
223,080673,Centelles,380,571,454,458,131,62,2001
224,082687,Cercs,163,160,113,94,24,7,2001
225,082665,Cerdanyola del Vallès,2776,4850,4466,4567,1186,433,2001
226,080689,Cervelló,293,509,521,494,158,75,2001
227,250729,Cervera,507,719,618,558,202,106,2001
228,250735,Cervià de les Garrigues,86,90,69,44,30,9,2001
229,170502,Cervià de Ter,52,59,53,54,18,4,2001
230,170519,Cistella,16,18,18,19,7,4,2001
231,250740,Ciutadilla,17,27,10,13,7,5,2001
232,250753,Clariana de Cardener,7,8,5,8,9,6,2001
233,250766,"Cogul, el",30,19,14,8,6,10,2001
234,170545,Colera,78,70,30,31,6,6,2001
235,250772,Coll de Nargó,60,56,46,39,12,9,2001
236,080692,Collbató,219,254,210,165,56,21,2001
237,430458,Colldejou,14,12,6,12,6,8,2001
238,080706,Collsuspina,19,21,20,24,9,1,2001
239,170558,Colomers,18,17,23,9,5,3,2001
240,251636,"Coma i la Pedra, la",45,17,16,10,4,7,2001
241,251615,Conca de Dalt,55,39,25,18,11,14,2001
242,430461,Conesa,21,17,11,7,2,1,2001
243,430477,Constantí,277,400,403,390,152,70,2001
244,080713,Copons,39,35,17,20,5,2,2001
245,430483,Corbera d'Ebre,64,71,66,81,34,24,2001
246,080728,Corbera de Llobregat,531,886,824,702,245,97,2001
247,250788,Corbins,73,99,91,75,33,16,2001
248,170577,Corçà,86,72,73,97,47,11,2001
249,080734,Cornellà de Llobregat,5054,8389,7232,6017,1532,667,2001
250,170561,Cornellà del Terri,97,138,150,125,55,42,2001
251,430496,Cornudella de Montsant,117,98,58,46,21,13,2001
252,430509,Creixell,232,277,136,107,41,35,2001
253,170583,Crespià,19,26,12,14,4,4,2001
254,179011,"Cruïlles, Monells i Sant Sadurní de l'Heura",95,62,80,70,31,29,2001
255,080749,Cubelles,739,930,577,432,149,70,2001
256,250791,Cubells,27,34,23,19,11,9,2001
257,430516,Cunit,790,863,451,375,123,56,2001
258,170600,Darnius,61,76,50,23,7,4,2001
259,170617,Das,22,8,8,10,4,4,2001
260,439018,Deltebre,417,776,829,744,332,216,2001
261,080752,Dosrius,178,261,236,245,83,40,2001
262,430537,Duesaigües,29,22,19,11,3,2,2001
263,170622,"Escala, l'",701,649,443,369,115,70,2001
264,080765,Esparreguera,1091,1806,1593,1411,406,163,2001
265,170638,Espinelves,24,20,9,8,4,4,2001
266,250812,"Espluga Calba, l'",35,40,28,26,17,7,2001
267,430542,"Espluga de Francolí, l'",224,313,276,279,93,40,2001
268,080771,Esplugues de Llobregat,2389,4113,3873,3828,1046,326,2001
269,170643,Espolla,36,34,20,24,12,7,2001
270,170656,Esponellà,13,20,32,28,9,9,2001
271,250827,Espot,39,20,22,14,12,7,2001
272,080787,"Espunyola, l'",8,16,15,11,13,11,2001
273,082541,"Esquirol, l'",141,190,144,149,53,39,2001
274,250886,Estamariu,11,7,10,7,4,4,2001
275,080790,"Estany, l'",42,37,33,24,6,6,2001
276,250851,Estaràs,14,14,15,11,4,5,2001
277,250864,Esterri d'Àneu,71,55,57,43,15,6,2001
278,250870,Esterri de Cardós,6,7,2,5,4,1,2001
279,430555,Falset,202,245,177,184,61,26,2001
280,170059,"Far d'Empordà, el",38,34,28,24,9,8,2001
281,250899,Farrera,17,14,6,6,0,2,2001
282,430568,"Fatarella, la",79,112,87,85,32,21,2001
283,430574,"Febró, la",9,6,6,2,1,1,2001
284,081347,Figaró-Montmany,69,88,60,56,22,7,2001
285,080804,Fígols,8,7,2,4,1,0,2001
286,259084,Fígols i Alinyà,33,31,16,16,2,8,2001
287,430580,"Figuera, la",20,12,8,8,2,2,2001
288,170669,Figueres,2821,3479,2756,2239,693,369,2001
289,430593,Figuerola del Camp,21,35,25,26,2,1,2001
290,170675,Flaçà,77,84,79,58,16,11,2001
291,430607,Flix,267,375,341,313,89,34,2001
292,250925,"Floresta, la",21,24,14,8,4,3,2001
293,080826,Fogars de la Selva,57,92,47,63,23,9,2001
294,080811,Fogars de Montclús,24,32,23,15,11,12,2001
295,170681,Foixà,24,31,32,16,5,6,2001
296,080832,Folgueroles,81,171,137,132,51,12,2001
297,250931,Fondarella,27,45,46,54,27,11,2001
298,080847,Fonollosa,58,75,85,79,32,21,2001
299,170694,Fontanals de Cerdanya,51,37,17,27,12,10,2001
300,170708,Fontanilles,14,8,9,6,4,5,2001
301,170715,Fontcoberta,23,68,98,93,40,22,2001
302,080850,Font-rubí,80,105,94,81,38,27,2001
303,250946,Foradada,21,12,10,14,5,7,2001
304,179026,Forallac,123,133,120,113,48,24,2001
305,430614,Forès,7,9,6,3,0,1,2001
306,170736,Fornells de la Selva,86,103,109,140,48,29,2001
307,170741,Fortià,43,53,48,35,11,4,2001
308,080863,"Franqueses del Vallès, les",668,1187,1071,1061,298,135,2001
309,430629,Freginals,25,40,28,33,5,5,2001
310,250962,"Fuliola, la",80,101,96,82,33,25,2001
311,250978,Fulleda,6,10,9,8,6,0,2001
312,080902,Gaià,12,10,5,9,4,7,2001
313,430635,"Galera, la",74,83,53,46,20,10,2001
314,080879,Gallifa,19,13,12,14,6,3,2001
315,430640,Gandesa,175,208,190,201,76,47,2001
316,430653,Garcia,57,58,36,25,15,10,2001
317,430666,"Garidells, els",7,17,12,11,7,3,2001
318,080885,"Garriga, la",720,1126,984,965,262,123,2001
319,170754,Garrigàs,27,35,13,24,9,5,2001
320,170767,Garrigoles,17,12,12,10,3,4,2001
321,170773,Garriguella,73,77,56,30,18,16,2001
322,080898,Gavà,2176,3667,3505,3177,871,394,2001
323,250984,Gavet de la Conca,33,31,23,12,8,9,2001
324,080919,Gelida,313,504,376,317,100,51,2001
325,170789,Ger,58,32,22,23,9,7,2001
326,259123,Gimenells i el Pla de la Font,65,83,80,66,38,22,2001
327,430672,Ginestar,56,84,61,50,23,18,2001
328,170792,Girona,6671,7258,5772,5503,1648,837,2001
329,080924,Gironella,367,541,413,324,113,40,2001
330,080930,Gisclareny,7,2,3,2,0,0,2001
331,430688,Godall,72,78,69,35,14,11,2001
332,250997,Golmés,68,125,91,93,38,32,2001
333,170806,Gombrèn,28,25,17,14,6,2,2001
334,251001,Gósol,35,23,13,13,5,6,2001
335,080945,"Granada, la",70,124,97,113,46,21,2001
336,251018,"Granadella, la",66,81,60,46,21,13,2001
337,080958,Granera,15,6,6,4,0,1,2001
338,251023,"Granja d'Escarp, la",96,85,82,78,33,12,2001
339,080961,Granollers,3222,5130,4432,4101,1213,541,2001
340,251039,Granyanella,14,13,15,6,4,2,2001
341,251057,Granyena de les Garrigues,29,15,13,10,2,1,2001
342,251044,Granyena de Segarra,19,14,7,10,7,1,2001
343,430691,Gratallops,23,19,10,19,6,4,2001
344,080977,Gualba,72,93,60,52,21,10,2001
345,170813,Gualta,23,26,20,17,10,8,2001
346,080996,Guardiola de Berguedà,96,106,89,60,18,5,2001
347,430705,"Guiamets, els",19,27,27,25,5,4,2001
348,170828,Guils de Cerdanya,44,38,24,19,4,7,2001
349,251095,Guimerà,43,53,23,18,11,3,2001
350,259031,"Guingueta d'Àneu, la",58,39,23,14,2,7,2001
351,251109,Guissona,231,287,271,294,103,42,2001
352,251116,Guixers,18,11,11,7,7,3,2001
353,081000,Gurb,93,118,113,165,64,47,2001
354,430712,Horta de Sant Joan,109,133,84,99,23,13,2001
355,081017,"Hospitalet de Llobregat, l'",16736,25851,21394,17227,4598,2066,2001
356,081629,"Hostalets de Pierola, els",125,160,113,96,30,21,2001
357,170834,Hostalric,191,284,255,211,68,32,2001
358,081022,Igualada,2438,3278,2551,2535,783,315,2001
359,251155,Isona i Conca Dellà,121,109,87,64,33,24,2001
360,170849,Isòvol,29,16,12,9,10,1,2001
361,251137,Ivars d'Urgell,103,161,113,109,50,40,2001
362,251121,Ivars de Noguera,24,26,22,25,5,10,2001
363,251142,Ivorra,11,12,4,8,9,6,2001
364,170852,Jafre,39,32,25,20,7,7,2001
365,170865,"Jonquera, la",206,210,207,211,51,41,2001
366,081038,Jorba,52,57,33,46,19,7,2001
367,259101,Josa i Tuixén,18,17,10,8,4,2,2001
368,170871,Juià,18,25,29,15,8,2,2001
369,251180,Juncosa,44,59,36,30,18,10,2001
370,251193,Juneda,171,267,199,199,95,49,2001
371,251214,Les,66,56,57,46,16,12,2001
372,251229,Linyola,146,202,167,178,75,35,2001
373,081043,"Llacuna, la",88,76,56,68,22,7,2001
374,170887,Lladó,42,52,47,31,12,6,2001
375,251235,Lladorre,37,24,13,12,5,6,2001
376,251240,Lladurs,15,11,11,13,7,10,2001
377,081056,"Llagosta, la",587,1206,1100,981,237,93,2001
378,170890,Llagostera,2657,399,200,161,51,31,2001
379,170904,Llambilles,24,17,16,21,8,21,2001
380,170911,Llanars,63,41,47,29,14,6,2001
381,170926,Llançà,451,487,338,240,61,30,2001
382,251253,Llardecans,62,54,36,42,20,10,2001
383,251266,Llavorsí,39,38,25,19,1,2,2001
384,251207,Lleida,8277,10751,9351,8319,2586,1164,2001
385,170932,Llers,58,104,76,76,28,11,2001
386,251272,Lles de Cerdanya,31,25,19,20,7,4,2001
387,081075,Lliçà d'Amunt,395,849,794,888,328,144,2001
388,081081,Lliçà de Vall,171,376,446,496,139,63,2001
389,251288,Llimiana,31,12,9,4,6,2,2001
390,081069,Llinars del Vallès,404,635,598,575,187,81,2001
391,170947,Llívia,152,104,74,62,21,10,2001
392,430727,"Lloar, el",12,17,12,5,1,1,2001
393,251291,Llobera,8,8,8,9,9,13,2001
394,430733,Llorac,11,13,8,6,5,2,2001
395,430748,Llorenç del Penedès,105,147,109,131,47,27,2001
396,170950,Lloret de Mar,1790,1907,1543,1469,467,252,2001
397,170963,"Llosses, les",32,17,20,20,6,3,2001
398,081094,Lluçà,21,17,16,16,9,8,2001
399,171024,Maçanet de Cabrenys,88,69,50,35,19,8,2001
400,171030,Maçanet de la Selva,282,371,297,339,86,46,2001
401,170979,Madremanya,18,19,10,13,8,3,2001
402,170985,Maià de Montcal,25,39,22,17,11,6,2001
403,251333,Maials,87,78,84,50,25,21,2001
404,251305,Maldà,39,32,18,14,9,2,2001
405,081108,Malgrat de Mar,903,1525,1147,1078,293,157,2001
406,081115,Malla,5,7,15,11,9,12,2001
407,081120,Manlleu,860,1592,1387,1352,414,264,2001
408,081136,Manresa,5284,7348,5514,4377,1176,529,2001
409,430764,Marçà,72,76,49,51,7,1,2001
410,430751,Margalef,20,11,6,10,3,3,2001
411,082423,Marganell,28,29,11,12,3,3,2001
412,081141,Martorell,1282,2471,1947,1694,457,247,2001
413,081154,Martorelles,290,416,407,423,120,42,2001
414,430770,Mas de Barberans,52,58,46,54,16,13,2001
415,171002,Masarac,15,19,15,16,9,5,2001
416,430786,Masdenverge,43,96,67,84,18,14,2001
417,081167,"Masies de Roda, les",23,67,39,63,21,12,2001
418,081173,"Masies de Voltregà, les",118,249,255,234,62,37,2001
419,430799,Masllorenç,43,60,28,21,8,9,2001
420,081189,"Masnou, el",1374,1994,1777,1599,453,178,2001
421,430803,"Masó, la",14,25,24,17,9,5,2001
422,430810,Maspujols,40,45,39,39,12,5,2001
423,081192,Masquefa,329,618,459,410,117,49,2001
424,430825,"Masroig, el",59,64,41,23,13,8,2001
425,251312,Massalcoreig,27,47,38,34,24,17,2001
426,171019,Massanes,59,51,35,36,15,12,2001
427,251327,Massoteres,18,19,9,10,6,5,2001
428,081206,Matadepera,201,385,463,613,267,147,2001
429,081213,Mataró,7046,10534,8623,8203,2362,1082,2001
430,081228,Mediona,174,182,94,89,36,20,2001
431,251348,Menàrguens,65,79,54,49,33,12,2001
432,170998,Meranges,17,7,5,1,1,4,2001
433,171058,Mieres,21,32,17,18,13,7,2001
434,430831,"Milà, el",11,11,9,11,8,3,2001
435,251351,Miralcamp,72,94,82,76,37,31,2001
436,430846,Miravet,68,76,52,50,26,10,2001
437,081385,Moià,316,393,346,342,88,49,2001
438,430859,"Molar, el",28,32,24,14,10,4,2001
439,081234,Molins de Rei,1342,2117,1719,1520,429,243,2001
440,251370,Mollerussa,601,860,802,743,268,138,2001
441,171061,Mollet de Peralada,18,23,14,7,1,7,2001
442,081249,Mollet del Vallès,2720,4804,4251,3672,922,411,2001
443,171077,Molló,34,35,19,22,13,3,2001
444,251364,"Molsosa, la",2,6,6,2,4,11,2001
445,081287,Monistrol de Calders,37,56,42,54,18,5,2001
446,081271,Monistrol de Montserrat,222,252,210,154,53,28,2001
447,171096,Montagut i Oix,63,85,66,50,24,12,2001
448,430862,Montblanc,430,525,532,440,156,66,2001
449,430884,Montbrió del Camp,125,153,93,110,41,22,2001
450,081252,Montcada i Reixac,1567,2877,2314,2350,642,217,2001
451,081304,Montclar,5,7,3,7,3,7,2001
452,251399,Montellà i Martinet,78,56,41,25,12,8,2001
453,081311,Montesquiu,84,92,67,56,13,8,2001
454,251403,Montferrer i Castellbò,73,72,43,40,20,19,2001
455,430897,Montferri,16,18,10,8,9,0,2001
456,251386,Montgai,74,60,52,46,25,22,2001
457,081265,Montgat,590,852,712,653,172,65,2001
458,081326,Montmajor,19,39,15,28,17,19,2001
459,081332,Montmaneu,13,13,10,16,5,3,2001
460,430901,"Montmell, el",87,90,40,46,14,12,2001
461,081350,Montmeló,419,772,682,745,225,71,2001
462,251425,Montoliu de Lleida,26,38,28,28,14,15,2001
463,251410,Montoliu de Segarra,26,22,8,6,6,3,2001
464,251431,Montornès de Segarra,13,7,7,6,2,3,2001
465,081363,Montornès del Vallès,705,1209,1048,1027,289,161,2001
466,430918,Mont-ral,28,17,11,7,1,3,2001
467,171100,Mont-ras,66,100,120,157,55,22,2001
468,430923,Mont-roig del Camp,697,749,534,411,166,72,2001
469,081379,Montseny,24,18,13,22,10,8,2001
470,430939,Móra d'Ebre,292,393,367,351,125,51,2001
471,430944,Móra la Nova,210,258,207,217,82,32,2001
472,430957,"Morell, el",129,194,178,181,69,33,2001
473,430960,"Morera de Montsant, la",20,16,12,6,6,1,2001
474,081290,Muntanyola,28,29,30,30,5,3,2001
475,081398,Mura,29,24,13,13,8,0,2001
476,251459,Nalec,11,7,3,7,3,4,2001
477,250254,Naut Aran,173,107,79,97,39,34,2001
478,081402,Navarcles,244,479,448,442,128,57,2001
479,081419,Navàs,345,523,501,374,130,59,2001
480,171117,Navata,61,91,59,47,14,10,2001
481,251462,Navès,15,18,18,12,5,14,2001
482,081424,"Nou de Berguedà, la",10,10,9,10,2,6,2001
483,430976,"Nou de Gaià, la",29,42,27,33,9,5,2001
484,430982,Nulles,43,36,17,23,9,9,2001
485,251484,Odèn,16,12,9,8,10,18,2001
486,081430,Òdena,140,215,229,189,70,52,2001
487,171122,Ogassa,41,30,17,9,5,7,2001
488,081458,Olèrdola,125,222,206,193,53,30,2001
489,081461,Olesa de Bonesvalls,75,133,69,73,25,13,2001
490,081477,Olesa de Montserrat,956,1759,1428,1353,442,218,2001
491,251497,Oliana,119,177,142,143,37,26,2001
492,251500,Oliola,22,15,13,9,13,6,2001
493,251517,Olius,38,33,42,34,20,14,2001
494,081483,Olivella,126,175,115,100,30,12,2001
495,081496,Olost,76,106,81,85,26,25,2001
496,171143,Olot,2222,3009,2504,1830,528,306,2001
497,251522,"Oluges, les",20,17,8,12,4,5,2001
498,081445,Olvan,69,106,56,55,29,9,2001
499,251538,"Omellons, els",20,25,22,18,3,4,2001
500,251543,"Omells de na Gaia, els",18,13,13,11,5,0,2001
501,171156,Ordis,20,31,25,25,7,8,2001
502,251556,Organyà,107,100,82,57,20,13,2001
503,081509,Orís,9,14,17,18,8,7,2001
504,081516,Oristà,27,44,32,42,20,23,2001
505,081521,Orpí,13,12,9,9,6,2,2001
506,081537,Òrrius,30,44,39,37,8,6,2001
507,251569,Os de Balaguer,74,70,54,61,21,6,2001
508,171169,Osor,12,29,18,14,4,1,2001
509,251575,Ossó de Sió,16,17,14,9,12,8,2001
510,081542,Pacs del Penedès,32,49,59,62,21,7,2001
511,081555,Palafolls,309,517,494,465,141,70,2001
512,171175,Palafrugell,1432,1780,1408,1262,410,276,2001
513,171181,Palamós,1443,1378,1096,986,326,244,2001
514,251581,"Palau d'Anglesola, el",108,131,131,125,51,26,2001
515,171194,Palau de Santa Eulàlia,10,9,7,5,1,1,2001
516,171215,Palau-sator,32,22,15,20,10,5,2001
517,171208,Palau-saverdera,88,116,51,41,22,13,2001
518,081568,Palau-solità i Plegamans,446,870,900,1041,290,134,2001
519,431009,"Pallaresos, els",122,212,223,247,62,29,2001
520,081574,Pallejà,441,799,653,675,207,81,2001
521,430995,"Palma d'Ebre, la",37,47,28,28,6,8,2001
522,089058,"Palma de Cervelló, la",182,235,212,229,59,29,2001
523,171236,Palol de Revardit,7,32,16,28,13,12,2001
524,171241,Pals,248,241,149,97,51,35,2001
525,081580,"Papiol, el",190,327,235,283,85,32,2001
526,171254,Pardines,17,9,14,9,3,3,2001
527,081593,Parets del Vallès,723,1348,1287,1283,351,116,2001
528,171267,Parlavà,23,26,25,21,14,8,2001
529,431016,Passanant i Belltall,34,24,16,2,6,4,2001
530,171289,Pau,47,44,20,29,15,6,2001
531,431021,Paüls,32,50,39,40,20,19,2001
532,171292,Pedret i Marzà,11,11,13,7,4,3,2001
533,251641,Penelles,30,36,40,28,13,12,2001
534,171306,"Pera, la",31,36,26,17,15,11,2001
535,081607,Perafita,33,39,30,15,11,6,2001
536,431037,Perafort,39,66,47,41,16,9,2001
537,171328,Peralada,122,127,101,101,33,19,2001
538,251654,Peramola,29,26,21,21,11,12,2001
539,431042,"Perelló, el",177,253,145,145,62,35,2001
540,081614,Piera,587,1018,775,711,259,119,2001
541,431055,"Piles, les",22,8,10,18,5,4,2001
542,081635,Pineda de Mar,1598,2073,1628,1562,480,262,2001
543,431068,"Pinell de Brai, el",46,91,69,78,41,23,2001
544,251667,Pinell de Solsonès,10,10,10,12,5,14,2001
545,251673,Pinós,17,15,12,20,10,14,2001
546,431074,Pira,37,55,31,32,7,5,2001
547,431080,"Pla de Santa Maria, el",119,148,112,157,33,18,2001
548,081640,"Pla del Penedès, el",67,69,71,67,25,14,2001
549,171334,"Planes d'Hostoles, les",93,174,148,116,45,23,2001
550,171349,Planoles,38,34,23,17,4,2,2001
551,259118,"Plans de Sió, els",40,35,43,36,13,15,2001
552,251689,"Poal, el",36,65,43,46,18,9,2001
553,251692,"Pobla de Cérvoles, la",34,31,11,13,6,2,2001
554,081653,"Pobla de Claramunt, la",142,171,124,143,53,15,2001
555,081666,"Pobla de Lillet, la",156,161,136,74,19,6,2001
556,431093,"Pobla de Mafumet, la",66,89,78,103,37,17,2001
557,431107,"Pobla de Massaluca, la",26,35,32,22,9,17,2001
558,431114,"Pobla de Montornès, la",150,202,108,93,23,23,2001
559,251713,"Pobla de Segur, la",353,305,223,165,61,16,2001
560,431129,Poboleda,36,45,28,13,11,5,2001
561,081672,Polinyà,231,504,387,437,126,55,2001
562,431135,"Pont d'Armentera, el",48,63,47,30,12,5,2001
563,250306,"Pont de Bar, el",21,18,13,8,5,1,2001
564,171352,Pont de Molins,39,42,29,33,12,6,2001
565,251734,"Pont de Suert, el",215,206,162,147,44,19,2001
566,081825,"Pont de Vilomara i Rocafort, el",169,264,226,195,67,31,2001
567,431418,Pontils,13,14,9,2,5,5,2001
568,081688,Pontons,47,39,33,28,9,5,2001
569,171365,Pontós,22,21,17,17,8,0,2001
570,251728,Ponts,196,205,160,177,70,38,2001
571,171371,Porqueres,138,255,268,284,138,62,2001
572,431140,Porrera,57,43,35,31,14,3,2001
573,171404,"Port de la Selva, el",121,84,52,52,12,7,2001
574,171387,Portbou,188,173,118,85,24,8,2001
575,251749,"Portella, la",54,61,44,44,17,9,2001
576,431153,Pradell de la Teixeta,29,15,8,11,10,2,2001
577,431166,Prades,73,69,41,33,13,5,2001
578,431172,Prat de Comte,20,21,16,13,4,1,2001
579,081691,"Prat de Llobregat, el",3311,5728,5325,4937,1376,638,2001
580,431188,Pratdip,66,66,42,30,12,4,2001
581,081712,Prats de Lluçanès,143,227,228,204,64,34,2001
582,081705,"Prats de Rei, els",53,50,40,40,12,4,2001
583,251752,Prats i Sansor,29,12,22,9,7,2,2001
584,251765,Preixana,24,48,23,26,14,10,2001
585,251771,Preixens,45,38,34,26,16,15,2001
586,082303,Premià de Dalt,395,672,711,775,253,124,2001
587,081727,Premià de Mar,1515,2532,2183,2017,613,295,2001
588,171390,"Preses, les",81,136,125,102,35,27,2001
589,251790,Prullans,28,16,16,12,4,5,2001
590,171411,Puigcerdà,713,632,585,492,158,81,2001
591,081748,Puigdàlber,25,28,27,21,10,7,2001
592,251804,Puiggròs,32,27,17,25,4,2,2001
593,431191,Puigpelat,39,50,49,54,14,10,2001
594,081751,Puig-reig,318,450,319,305,97,35,2001
595,251811,Puigverd d'Agramunt,35,19,12,12,10,7,2001
596,251826,Puigverd de Lleida,84,101,76,76,27,17,2001
597,081764,Pujalt,12,15,11,11,4,7,2001
598,081770,"Quar, la",2,8,2,5,1,3,2001
599,171426,Quart,101,181,175,219,74,19,2001
600,170433,Queralbs,29,16,14,15,3,2,2001
601,431205,Querol,51,41,20,10,9,2,2001
602,171432,Rabós,23,23,9,6,5,3,2001
603,081786,Rajadell,37,32,28,27,8,9,2001
604,431212,Rasquera,62,66,46,47,31,21,2001
605,171447,Regencós,29,23,16,26,8,2,2001
606,081799,Rellinars,31,44,34,26,8,5,2001
607,431227,Renau,9,9,3,3,2,0,2001
608,431233,Reus,6086,8321,6865,6871,2172,929,2001
609,251832,Rialp,64,46,39,33,12,11,2001
610,431248,"Riba, la",72,80,49,49,15,4,2001
611,431251,Riba-roja d'Ebre,118,146,94,82,38,16,2001
612,259059,Ribera d'Ondara,33,37,14,19,20,25,2001
613,251850,Ribera d'Urgellet,69,73,60,51,26,13,2001
614,171450,Ribes de Freser,202,246,158,124,32,28,2001
615,171463,Riells i Viabrea,156,239,167,177,54,23,2001
616,431264,"Riera de Gaià, la",78,115,74,67,24,19,2001
617,251863,Riner,14,19,12,11,5,17,2001
618,171479,Ripoll,847,1208,936,739,195,77,2001
619,081803,Ripollet,1651,2989,2563,2519,666,225,2001
620,259139,Riu de Cerdanya,16,3,6,3,3,1,2001
621,171485,Riudarenes,130,150,95,93,19,15,2001
622,171498,Riudaura,28,33,44,17,7,11,2001
623,431270,Riudecanyes,88,92,55,50,14,4,2001
624,431286,Riudecols,84,88,85,84,17,8,2001
625,171501,Riudellots de la Selva,79,100,124,128,49,25,2001
626,431299,Riudoms,316,469,408,413,133,71,2001
627,171518,Riumors,24,20,16,13,1,4,2001
628,081810,"Roca del Vallès, la",394,695,650,615,202,74,2001
629,431303,Rocafort de Queralt,40,38,17,11,7,3,2001
630,431310,Roda de Berà,473,459,272,205,64,40,2001
631,081831,Roda de Ter,250,463,429,422,120,63,2001
632,431325,Rodonyà,36,45,34,32,11,4,2001
633,431331,Roquetes,416,627,532,484,159,94,2001
634,171523,Roses,1236,1313,954,900,282,146,2001
635,251898,Rosselló,79,165,147,137,53,33,2001
636,431346,"Rourell, el",28,28,27,11,7,2,2001
637,081846,Rubí,3231,5784,5092,4894,1372,671,2001
638,081859,Rubió,5,8,6,4,7,5,2001
639,171539,Rupià,15,22,17,6,6,3,2001
640,089019,Rupit i Pruit,38,26,16,24,10,9,2001
641,081878,Sabadell,11567,19022,15150,14498,3920,1551,2001
642,081884,Sagàs,7,10,6,10,3,6,2001
643,251902,Salàs de Pallars,42,39,27,13,11,2,2001
644,081901,Saldes,27,22,13,26,11,7,2001
645,171544,Sales de Llierca,8,9,6,6,4,1,2001
646,081918,Sallent,504,699,657,488,146,58,2001
647,431359,Salomó,39,51,28,24,5,5,2001
648,439057,Salou,1636,1498,1081,940,303,143,2001
649,171557,Salt,1806,1995,1579,1463,520,288,2001
650,251919,Sanaüja,59,45,32,25,8,11,2001
651,081944,Sant Adrià de Besòs,2008,3023,2559,2331,750,448,2001
652,081957,Sant Agustí de Lluçanès,2,6,4,4,6,5,2001
653,081960,Sant Andreu de la Barca,1132,2361,1967,1649,420,189,2001
654,081976,Sant Andreu de Llavaneres,454,695,607,621,205,84,2001
655,171576,Sant Andreu Salou,10,11,7,14,3,2,2001
656,171833,Sant Aniol de Finestres,34,24,15,21,6,7,2001
657,081982,Sant Antoni de Vilamajor,234,356,271,305,97,54,2001
658,081995,Sant Bartomeu del Grau,45,62,62,78,34,37,2001
659,082009,Sant Boi de Llobregat,3829,7304,6816,6500,1699,661,2001
660,082016,Sant Boi de Lluçanès,35,38,29,35,21,11,2001
661,431362,Sant Carles de la Ràpita,799,1179,960,870,263,113,2001
662,082037,Sant Cebrià de Vallalta,174,252,151,138,30,18,2001
663,082021,Sant Celoni,748,1081,1001,1028,310,170,2001
664,082042,Sant Climent de Llobregat,151,298,250,272,72,28,2001
665,171582,Sant Climent Sescebes,32,57,35,20,8,6,2001
666,082055,Sant Cugat del Vallès,3069,4823,4494,4885,1705,830,2001
667,082068,Sant Cugat Sesgarrigues,35,54,51,56,23,17,2001
668,251961,Sant Esteve de la Sarga,20,14,5,2,5,2,2001
669,082074,Sant Esteve de Palautordera,107,139,98,119,44,16,2001
670,082080,Sant Esteve Sesrovires,244,466,395,450,118,61,2001
671,171595,Sant Feliu de Buixalleu,67,69,61,49,14,7,2001
672,082107,Sant Feliu de Codines,363,466,337,320,101,57,2001
673,171609,Sant Feliu de Guíxols,1515,1786,1389,1299,417,203,2001
674,082114,Sant Feliu de Llobregat,1974,4124,3449,3329,831,272,2001
675,171616,Sant Feliu de Pallerols,98,132,96,77,25,11,2001
676,082129,Sant Feliu Sasserra,45,50,39,51,15,18,2001
677,171621,Sant Ferriol,15,11,16,13,6,5,2001
678,082093,Sant Fost de Campsentelles,261,535,536,595,162,83,2001
679,082135,Sant Fruitós de Bages,275,532,536,481,134,59,2001
680,171637,Sant Gregori,127,178,181,198,78,36,2001
681,251924,Sant Guim de Freixenet,77,83,69,66,34,19,2001
682,251977,Sant Guim de la Plana,10,15,9,7,5,9,2001
683,171642,Sant Hilari Sacalm,332,471,419,398,115,43,2001
684,082153,Sant Hipòlit de Voltregà,193,297,246,220,76,35,2001
685,081939,Sant Iscle de Vallalta,73,108,87,53,20,12,2001
686,439023,Sant Jaume d'Enveja,134,309,256,243,98,51,2001
687,082166,Sant Jaume de Frontanyà,2,3,3,2,0,0,2001
688,171655,Sant Jaume de Llierca,40,88,71,41,18,10,2001
689,431378,Sant Jaume dels Domenys,135,157,112,106,38,16,2001
690,171674,Sant Joan de les Abadesses,300,379,319,248,65,30,2001
691,171680,Sant Joan de Mollet,25,44,27,32,10,4,2001
692,082188,Sant Joan de Vilatorrada,383,929,812,756,210,88,2001
693,082172,Sant Joan Despí,1439,2786,2546,2449,594,198,2001
694,171851,Sant Joan les Fonts,185,289,236,192,60,27,2001
695,171668,Sant Jordi Desvalls,41,69,39,41,16,14,2001
696,089030,Sant Julià de Cerdanyola,33,20,19,19,6,0,2001
697,171693,Sant Julià de Ramis,100,155,153,167,65,37,2001
698,082205,Sant Julià de Vilatorta,127,204,175,198,77,27,2001
699,179032,Sant Julià del Llor i Bonmatí,94,108,82,68,18,9,2001
700,082212,Sant Just Desvern,840,1139,990,1134,378,179,2001
701,082227,Sant Llorenç d'Hortons,109,167,141,126,42,25,2001
702,171714,Sant Llorenç de la Muga,25,32,15,10,1,1,2001
703,251930,Sant Llorenç de Morunys,90,75,62,67,17,13,2001
704,082233,Sant Llorenç Savall,144,188,148,143,46,21,2001
705,082251,Sant Martí d'Albars,3,7,4,7,4,8,2001
706,082248,Sant Martí de Centelles,58,77,62,57,20,7,2001
707,171729,Sant Martí de Llémena,50,45,36,23,12,9,2001
708,259025,Sant Martí de Riucorb,72,75,46,35,17,17,2001
709,082264,Sant Martí de Tous,71,96,78,70,30,11,2001
710,082270,Sant Martí Sarroca,145,194,173,160,70,61,2001
711,082286,Sant Martí Sesgueioles,25,31,23,22,11,8,2001
712,171735,Sant Martí Vell,21,18,15,15,6,2,2001
713,082299,Sant Mateu de Bages,39,68,51,36,13,24,2001
714,171740,Sant Miquel de Campmajor,18,12,9,12,8,7,2001
715,171753,Sant Miquel de Fluvià,33,61,42,50,20,6,2001
716,171766,Sant Mori,15,11,6,13,3,3,2001
717,171772,Sant Pau de Segúries,54,73,48,50,11,7,2001
718,082310,Sant Pere de Ribes,1392,2229,1871,1820,515,246,2001
719,082325,Sant Pere de Riudebitlles,118,218,159,159,50,27,2001
720,082331,Sant Pere de Torelló,127,193,195,171,54,21,2001
721,082346,Sant Pere de Vilamajor,192,289,235,184,64,42,2001
722,171788,Sant Pere Pescador,127,142,97,99,36,21,2001
723,081897,Sant Pere Sallavinera,10,9,9,6,7,5,2001
724,082359,Sant Pol de Mar,386,442,284,262,88,44,2001
725,082362,Sant Quintí de Mediona,134,175,154,108,45,29,2001
726,082378,Sant Quirze de Besora,175,223,161,145,38,11,2001
727,082384,Sant Quirze del Vallès,453,993,1065,1301,343,159,2001
728,082397,Sant Quirze Safaja,55,30,25,24,15,7,2001
729,251945,Sant Ramon,30,36,39,42,18,13,2001
730,082401,Sant Sadurní d'Anoia,482,846,759,784,269,134,2001
731,082418,Sant Sadurní d'Osormort,10,2,6,4,5,1,2001
732,080983,Sant Salvador de Guardiola,152,234,165,150,53,19,2001
733,082628,Sant Vicenç de Castellet,507,706,579,514,160,66,2001
734,082649,Sant Vicenç de Montalt,278,379,310,299,88,38,2001
735,082652,Sant Vicenç de Torelló,124,183,137,149,42,16,2001
736,082634,Sant Vicenç dels Horts,1073,2198,1995,2008,592,308,2001
737,431384,Santa Bàrbara,253,381,260,237,73,44,2001
738,082439,Santa Cecília de Voltregà,6,14,9,13,9,7,2001
739,082444,Santa Coloma de Cervelló,275,654,472,407,115,43,2001
740,171805,Santa Coloma de Farners,611,870,795,708,195,90,2001
741,082457,Santa Coloma de Gramenet,6178,10998,9977,8761,2456,1059,2001
742,431397,Santa Coloma de Queralt,211,238,199,196,78,41,2001
743,171812,Santa Cristina d'Aro,1395,238,120,95,35,11,2001
744,082460,Santa Eugènia de Berga,59,150,152,185,48,28,2001
745,082476,Santa Eulàlia de Riuprimer,46,74,58,71,29,9,2001
746,082482,Santa Eulàlia de Ronçana,243,454,382,426,110,63,2001
747,082495,Santa Fe del Penedès,12,22,22,27,8,7,2001
748,171827,Santa Llogaia d'Àlguema,17,18,23,23,13,5,2001
749,082508,Santa Margarida de Montbui,411,807,713,795,244,77,2001
750,082515,Santa Margarida i els Monjos,247,436,403,384,155,62,2001
751,082589,Santa Maria d'Oló,64,70,76,70,22,27,2001
752,082536,Santa Maria de Besora,16,10,12,14,3,5,2001
753,082567,Santa Maria de Martorelles,57,64,50,55,14,9,2001
754,082554,Santa Maria de Merlès,5,12,4,9,4,9,2001
755,082573,Santa Maria de Miralles,13,13,5,7,2,1,2001
756,082592,Santa Maria de Palautordera,442,670,530,496,139,59,2001
757,431401,Santa Oliva,151,232,159,161,64,25,2001
758,171848,Santa Pau,64,112,113,122,39,29,2001
759,082606,Santa Perpètua de Mogoda,844,1919,1793,1734,467,171,2001
760,082613,Santa Susanna,131,200,164,150,59,25,2001
761,081923,Santpedor,213,469,462,464,130,64,2001
762,431423,Sarral,126,124,90,107,41,22,2001
763,171864,Sarrià de Ter,221,371,305,278,92,40,2001
764,252017,Sarroca de Bellera,23,24,5,8,2,4,2001
765,252000,Sarroca de Lleida,34,36,35,35,9,10,2001
766,171870,"Saus, Camallera i Llampaies",77,64,45,48,17,11,2001
767,431439,Savallà del Comtat,11,8,3,1,2,2,2001
768,431444,"Secuita, la",79,103,85,97,26,15,2001
769,171886,"Selva de Mar, la",27,20,16,14,4,1,2001
770,431457,"Selva del Camp, la",230,367,310,379,101,56,2001
771,431460,Senan,11,3,1,0,0,2,2001
772,430445,"Sénia, la",331,463,414,390,156,78,2001
773,252022,Senterada,16,12,10,2,4,0,2001
774,250352,"Sentiu de Sió, la",27,41,30,29,13,14,2001
775,082671,Sentmenat,322,538,464,484,145,63,2001
776,171903,Serinyà,68,72,65,60,23,14,2001
777,252043,Seròs,140,158,121,101,53,44,2001
778,171910,Serra de Daró,18,15,15,13,2,4,2001
779,171925,Setcases,21,19,14,10,5,2,2001
780,252038,"Seu d'Urgell, la",976,1102,836,745,264,122,2001
781,082690,Seva,184,228,204,193,71,29,2001
782,252056,Sidamon,34,68,36,41,17,8,2001
783,171931,Sils,198,290,238,276,92,29,2001
784,082704,Sitges,2443,2285,1551,1314,358,149,2001
785,170524,Siurana,10,14,14,9,1,7,2001
786,082711,Sobremunt,4,4,4,7,3,3,2001
787,252069,"Soleràs, el",27,33,30,24,15,9,2001
788,431476,Solivella,69,75,46,25,22,10,2001
789,252075,Solsona,520,637,561,543,184,103,2001
790,082726,Sora,18,9,15,12,7,3,2001
791,252081,Soriguera,44,30,18,17,5,12,2001
792,252094,Sort,246,200,126,117,42,20,2001
793,252108,Soses,71,116,83,109,55,31,2001
794,082732,Subirats,180,255,187,184,68,33,2001
795,252115,Sudanell,49,69,57,42,19,7,2001
796,252120,Sunyer,17,16,21,21,13,6,2001
797,082747,Súria,331,607,517,465,129,56,2001
798,171946,Susqueda,16,8,7,7,1,2,2001
799,082763,Tagamanent,17,20,22,17,1,3,2001
800,082779,Talamanca,9,13,7,8,0,2,2001
801,252154,Talarn,45,34,21,17,11,6,2001
802,252167,Talavera,24,18,20,12,7,15,2001
803,171959,"Tallada d'Empordà, la",27,33,14,25,7,8,2001
804,082785,Taradell,248,404,391,452,160,63,2001
805,431482,Tarragona,8419,11155,9106,8870,2591,975,2001
806,252173,Tàrrega,954,1252,994,891,323,180,2001
807,252189,Tarrés,16,16,4,4,4,3,2001
808,252192,Tarroja de Segarra,20,13,8,11,4,6,2001
809,082750,Tavèrnoles,9,11,12,23,8,11,2001
810,082802,Tavertet,14,20,8,8,6,1,2001
811,082819,Teià,214,440,405,523,131,60,2001
812,252206,Térmens,88,101,94,91,46,37,2001
813,171962,Terrades,27,19,12,19,0,5,2001
814,082798,Terrassa,11573,18807,14686,12856,3588,1549,2001
815,082824,Tiana,221,471,487,565,145,66,2001
816,252213,Tírvia,20,10,10,8,2,1,2001
817,252228,Tiurana,2,0,3,1,0,1,2001
818,431495,Tivenys,70,102,57,56,27,15,2001
819,431508,Tivissa,166,157,113,115,43,42,2001
820,082830,Tona,340,544,416,503,172,75,2001
821,252234,Torà,93,114,78,86,28,17,2001
822,082845,Tordera,828,1156,876,640,205,108,2001
823,082858,Torelló,695,1196,1032,996,269,111,2001
824,252249,"Torms, els",18,17,17,12,3,4,2001
825,252252,Tornabous,72,68,49,53,19,21,2001
826,252271,"Torre de Cabdella, la",93,75,43,36,13,14,2001
827,082861,"Torre de Claramunt, la",123,193,204,187,73,41,2001
828,431515,"Torre de Fontaubella, la",19,16,7,9,5,0,2001
829,431520,"Torre de l'Espanyol, la",48,66,42,40,20,21,2001
830,252265,Torrebesses,34,31,23,19,9,6,2001
831,431536,Torredembarra,990,1169,849,792,258,120,2001
832,252287,Torrefarrera,96,172,164,139,50,31,2001
833,259078,Torrefeta i Florejacs,57,57,37,48,20,9,2001
834,252304,Torregrossa,138,208,143,140,61,49,2001
835,252311,Torrelameu,40,34,41,33,23,16,2001
836,082877,Torrelavit,65,93,88,76,34,21,2001
837,082883,Torrelles de Foix,170,205,120,110,37,23,2001
838,082896,Torrelles de Llobregat,183,346,311,325,86,33,2001
839,171978,Torrent,14,14,13,9,5,5,2001
840,252326,Torres de Segre,121,160,150,126,52,29,2001
841,252332,Torre-serona,24,26,25,23,10,7,2001
842,171984,Torroella de Fluvià,51,38,16,19,9,15,2001
843,171997,Torroella de Montgrí,698,741,616,596,168,144,2001
844,431541,Torroja del Priorat,23,16,8,8,2,3,2001
845,172001,Tortellà,80,76,56,45,17,6,2001
846,431554,Tortosa,2133,2749,2223,2001,742,379,2001
847,172018,Toses,24,16,8,9,0,5,2001
848,172023,Tossa de Mar,559,451,338,297,88,40,2001
849,252347,Tremp,561,581,367,356,111,47,2001
850,172044,Ullà,52,66,54,48,15,30,2001
851,082900,Ullastrell,47,103,89,120,31,15,2001
852,172057,Ullastret,20,21,12,15,8,4,2001
853,431567,Ulldecona,470,564,391,392,135,75,2001
854,431573,Ulldemolins,67,50,38,25,14,7,2001
855,172039,Ultramort,22,14,9,12,6,7,2001
856,172060,Urús,18,21,9,12,6,5,2001
857,082917,Vacarisses,236,340,268,241,58,25,2001
858,170144,"Vajol, la",14,13,5,3,4,1,2001
859,172076,"Vall d'en Bas, la",171,217,235,158,56,47,2001
860,172082,"Vall de Bianya, la",104,107,88,78,29,14,2001
861,250432,"Vall de Boí, la",137,75,56,41,21,20,2001
862,259010,Vall de Cardós,50,36,27,18,8,5,2001
863,082922,Vallbona d'Anoia,68,84,92,81,24,11,2001
864,252385,Vallbona de les Monges,37,29,12,9,11,3,2001
865,082938,Vallcebre,18,32,24,13,3,5,2001
866,431589,Vallclara,12,14,12,8,3,0,2001
867,252402,Vallfogona de Balaguer,68,109,105,114,53,29,2001
868,171707,Vallfogona de Ripollès,26,22,9,11,5,7,2001
869,431592,Vallfogona de Riucorb,19,12,11,5,2,0,2001
870,082943,Vallgorguina,129,150,115,102,29,15,2001
871,082956,Vallirana,437,901,801,778,226,125,2001
872,172095,Vall-llobrega,49,49,44,27,9,1,2001
873,431606,Vallmoll,83,118,86,108,37,15,2001
874,082969,Vallromanes,111,173,125,111,43,9,2001
875,431613,Valls,1300,1838,1602,1620,484,200,2001
876,259062,"Valls d'Aguilar, les",43,31,18,18,5,9,2001
877,252398,"Valls de Valira, les",57,72,42,42,29,15,2001
878,431628,Vandellòs i l'Hospitalet de l'Infant,273,362,302,345,127,69,2001
879,259097,"Vansa i Fórnols, la",32,19,7,8,2,6,2001
880,082975,Veciana,5,15,9,10,6,4,2001
881,431634,"Vendrell, el",2008,2554,1789,1725,525,246,2001
882,172109,Ventalló,76,70,44,37,8,13,2001
883,252424,Verdú,81,85,65,55,25,18,2001
884,172116,Verges,100,96,74,75,28,22,2001
885,431649,Vespella de Gaià,36,33,12,9,6,1,2001
886,082981,Vic,2352,3155,2415,2281,797,456,2001
887,172121,Vidrà,8,12,16,9,4,4,2001
888,172137,Vidreres,392,479,384,364,113,67,2001
889,252430,Vielha e Mijaran,406,340,330,278,97,50,2001
890,431652,Vilabella,37,79,49,65,23,11,2001
891,172142,Vilabertran,66,73,55,48,24,15,2001
892,172155,Vilablareix,56,103,131,211,62,35,2001
893,082994,Vilada,42,58,35,37,13,8,2001
894,172174,Viladamat,34,37,33,24,8,7,2001
895,172168,Viladasens,10,16,14,9,9,2,2001
896,083015,Viladecans,2470,5392,5124,4636,1234,510,2001
897,083008,Viladecavalls,151,406,542,628,169,50,2001
898,172180,Vilademuls,42,56,41,34,25,28,2001
899,172207,Viladrau,79,85,50,58,26,13,2001
900,172214,Vilafant,126,310,373,375,118,53,2001
901,083054,Vilafranca del Penedès,2081,3119,2492,2346,682,333,2001
902,252445,Vilagrassa,30,40,37,17,10,10,2001
903,172235,Vilajuïga,80,110,66,74,23,11,2001
904,431750,Vilalba dels Arcs,59,45,52,43,17,30,2001
905,083067,Vilalba Sasserra,40,48,47,36,9,4,2001
906,252458,Vilaller,69,56,44,34,19,2,2001
907,172240,Vilallonga de Ter,55,45,33,18,16,4,2001
908,431665,Vilallonga del Camp,87,95,91,109,31,16,2001
909,172253,Vilamacolum,19,26,16,16,9,5,2001
910,172266,Vilamalla,44,51,76,77,15,18,2001
911,172272,Vilamaniscle,21,10,5,10,4,4,2001
912,252477,Vilamòs,15,12,5,8,4,3,2001
913,172288,Vilanant,25,30,19,15,9,11,2001
914,431671,Vilanova d'Escornalbou,42,32,30,37,12,6,2001
915,252483,Vilanova de Bellpuig,71,110,70,73,32,22,2001
916,252496,Vilanova de l'Aguda,6,24,14,11,4,16,2001
917,252542,Vilanova de la Barca,65,87,75,48,26,14,2001
918,252509,Vilanova de Meià,61,30,27,22,14,10,2001
919,431687,Vilanova de Prades,13,14,7,9,4,4,2001
920,083036,Vilanova de Sau,35,31,26,18,5,9,2001
921,252516,Vilanova de Segrià,57,77,49,47,25,14,2001
922,083020,Vilanova del Camí,456,838,838,897,265,99,2001
923,089024,Vilanova del Vallès,152,253,201,179,69,31,2001
924,083073,Vilanova i la Geltrú,4279,5778,4565,3936,1109,487,2001
925,431690,Vilaplana,44,50,40,38,15,9,2001
926,431704,Vila-rodona,122,107,78,60,20,13,2001
927,172305,Vila-sacra,28,40,21,28,17,6,2001
928,252521,Vila-sana,29,53,32,42,15,7,2001
929,431711,Vila-seca,797,1146,998,1053,393,168,2001
930,082140,Vilassar de Dalt,407,691,580,646,216,83,2001
931,082191,Vilassar de Mar,1111,1691,1421,1360,429,148,2001
932,172229,Vilaür,13,16,5,8,2,2,2001
933,431726,Vilaverd,43,48,31,17,12,3,2001
934,431732,"Vilella Alta, la",16,11,13,5,2,4,2001
935,431747,"Vilella Baixa, la",35,20,8,9,7,1,2001
936,172333,Vilobí d'Onyar,131,176,161,172,67,38,2001
937,083041,Vilobí del Penedès,47,73,53,61,32,24,2001
938,172327,Vilopriu,23,22,9,9,2,2,2001
939,252537,"Vilosell, el",35,26,14,5,6,3,2001
940,431763,Vimbodí i Poblet,93,125,59,68,26,11,2001
941,252555,Vinaixa,61,61,41,37,18,11,2001
942,431779,Vinebre,45,41,34,26,10,8,2001
943,431785,Vinyols i els Arcs,124,120,77,96,37,9,2001
944,083089,Viver i Serrateix,5,11,7,8,7,11,2001
945,430521,Xerta,97,117,96,78,31,19,2001
0,080018,Abrera,861,1258,1233,876,0,0,2011
1,250030,Agramunt,373,614,461,414,118,0,2011
2,430043,Alcanar,1000,1056,1182,628,121,0,2011
3,250117,Alcarràs,595,1190,638,752,141,0,2011
4,430056,Alcover,557,483,436,360,0,0,2011
5,080039,Alella,536,915,847,777,238,0,2011
6,250194,Almacelles,433,882,597,321,105,0,2011
7,250236,Alpicat,363,512,543,529,116,0,2011
8,430136,"Ametlla de Mar, l'",577,1187,582,524,0,0,2011
9,080057,"Ametlla del Vallès, l'",375,626,661,852,191,0,2011
10,430141,Amposta,1677,2347,2092,1743,242,0,2011
11,170084,Anglès,490,671,387,428,105,0,2011
12,430167,"Arboç, l'",387,600,424,346,0,0,2011
13,170097,Arbúcies,529,783,554,366,232,0,2011
14,080060,Arenys de Mar,1552,1866,1419,914,166,0,2011
15,080076,Arenys de Munt,702,903,679,774,0,0,2011
16,080095,Argentona,624,1161,1082,829,266,139,2011
17,080109,Artés,369,675,572,354,0,0,2011
18,080155,Badalona,16114,25053,20003,14843,3251,2528,2011
19,089045,Badia del Vallès,1107,1709,1273,810,295,0,2011
20,250404,Balaguer,1382,1883,1315,1217,333,0,2011
21,170157,Banyoles,1354,1950,1720,1504,400,0,2011
22,082520,Barberà del Vallès,2109,4042,2963,2377,463,0,2011
23,080193,Barcelona,198052,230095,127577,93294,25780,9280,2011
24,080207,Begues,330,664,498,603,128,0,2011
25,080229,Berga,1925,2466,1223,1140,0,0,2011
26,080235,Bigues i Riells del Fai,449,1039,876,663,149,0,2011
27,170221,"Bisbal d'Empordà, la",924,1414,851,645,207,0,2011
28,170237,Blanes,3840,5535,3113,2687,582,200,2011
29,250582,"Borges Blanques, les",552,748,493,425,0,0,2011
30,080305,Cabrils,337,643,538,714,153,0,2011
31,430379,Calafell,2433,3640,1960,1688,269,0,2011
32,170335,Caldes de Malavella,544,808,549,483,173,0,2011
33,080333,Caldes de Montbui,1375,1925,1522,1232,349,0,2011
34,080351,Calella,2282,2439,1334,1078,193,0,2011
35,170340,Calonge i Sant Antoni,790,1426,1033,709,144,0,2011
36,430385,Cambrils,2700,3886,2588,2594,791,0,2011
37,080403,Canet de Mar,1344,1782,1312,936,238,0,2011
38,439076,"Canonja, la",0,1071,462,0,0,0,2011
39,080410,Canovelles,930,1577,1343,1116,402,0,2011
40,080446,Capellades,457,645,500,447,0,0,2011
41,080462,Cardedeu,1273,1879,1463,1544,319,0,2011
42,080478,Cardona,417,679,448,272,113,0,2011
43,170448,Cassà de la Selva,915,1134,746,874,116,0,2011
44,080517,Castellar del Vallès,1314,2314,2043,2157,303,0,2011
45,080543,Castellbisbal,629,1176,1025,1084,254,0,2011
46,080569,Castelldefels,4604,7540,5435,4655,770,394,2011
47,170470,Castelló d'Empúries,1016,1674,951,543,0,0,2011
48,170486,Castell-Platja d'Aro,1512,1408,783,563,194,0,2011
49,080673,Centelles,659,1077,602,504,0,0,2011
50,082665,Cerdanyola del Vallès,3996,6659,4796,4443,1147,275,2011
51,080689,Cervelló,648,929,606,646,220,0,2011
52,250729,Cervera,737,1070,788,738,205,0,2011
53,430477,Constantí,420,865,560,445,177,0,2011
54,080728,Corbera de Llobregat,855,1649,1108,1040,276,0,2011
55,080734,Cornellà de Llobregat,7382,10214,7628,6292,1232,675,2011
56,080749,Cubelles,1378,1956,1198,1161,0,0,2011
57,430516,Cunit,1157,1715,1066,867,119,0,2011
58,439018,Deltebre,766,1217,1024,677,469,116,2011
59,080752,Dosrius,314,658,484,400,0,0,2011
60,170622,"Escala, l'",833,1589,744,703,0,0,2011
61,080765,Esparreguera,1856,2739,1883,1470,427,0,2011
62,080771,Esplugues de Llobregat,3578,5227,4436,3333,635,321,2011
63,170669,Figueres,4396,5672,3758,2364,988,419,2011
64,080863,"Franqueses del Vallès, les",1580,2293,1444,1435,383,0,2011
65,080885,"Garriga, la",1341,1895,1465,1040,256,0,2011
66,080898,Gavà,3601,5529,3878,3722,687,257,2011
67,080919,Gelida,635,1020,587,462,92,0,2011
68,170792,Girona,10305,11664,7223,6201,2085,768,2011
69,080924,Gironella,627,631,459,304,0,0,2011
70,080961,Granollers,4989,7276,5088,3663,1186,629,2011
71,251109,Guissona,292,485,675,495,251,0,2011
72,081017,"Hospitalet de Llobregat, l'",23940,34049,21532,15947,4457,2106,2011
73,081022,Igualada,4285,4532,3130,2946,584,212,2011
74,081056,"Llagosta, la",993,1706,1335,926,136,0,2011
75,170890,Llagostera,600,1054,714,571,128,0,2011
76,170926,Llançà,420,786,442,336,0,0,2011
77,251207,Lleida,14632,16762,12254,9589,1998,556,2011
78,081075,Lliçà d'Amunt,426,1448,1539,1167,240,0,2011
79,081081,Lliçà de Vall,261,596,610,529,132,0,2011
80,081069,Llinars del Vallès,606,1019,829,633,162,0,2011
81,170950,Lloret de Mar,3924,4433,3671,2431,947,0,2011
82,171030,Maçanet de la Selva,366,1050,534,565,0,0,2011
83,081108,Malgrat de Mar,1260,2304,1649,1478,212,0,2011
84,081120,Manlleu,1447,2249,1665,1165,454,371,2011
85,081136,Manresa,6203,9336,6489,4649,1617,778,2011
86,081141,Martorell,1782,3096,2229,2026,438,415,2011
87,081189,"Masnou, el",2051,2792,2068,1401,463,0,2011
88,081192,Masquefa,665,874,711,668,154,0,2011
89,081206,Matadepera,367,772,487,821,240,0,2011
90,081213,Mataró,9991,14744,10758,8631,1782,1175,2011
91,081385,Moià,448,639,457,427,159,0,2011
92,081234,Molins de Rei,2077,2931,2323,2043,212,0,2011
93,251370,Mollerussa,961,1538,1488,925,276,0,2011
94,081249,Mollet del Vallès,3462,5800,4831,4138,694,382,2011
95,430862,Montblanc,790,962,672,414,124,0,2011
96,081252,Montcada i Reixac,2220,4434,3149,2437,560,0,2011
97,081265,Montgat,1016,1404,1085,654,148,0,2011
98,081350,Montmeló,561,987,744,831,0,0,2011
99,081363,Montornès del Vallès,986,2005,1188,1179,409,0,2011
100,430923,Mont-roig del Camp,1245,1972,1070,871,0,0,2011
101,430939,Móra d'Ebre,319,722,553,257,106,0,2011
102,081402,Navarcles,501,744,642,385,82,0,2011
103,081419,Navàs,533,655,629,453,90,0,2011
104,081477,Olesa de Montserrat,1757,2816,2328,1725,396,0,2011
105,171143,Olot,2950,4177,2438,2223,708,313,2011
106,081555,Palafolls,660,1091,834,720,112,0,2011
107,171175,Palafrugell,2077,2216,1901,1377,430,348,2011
108,171181,Palamós,1974,2326,1490,1260,230,0,2011
109,081568,Palau-solità i Plegamans,558,1394,1304,1287,306,0,2011
110,081574,Pallejà,650,1392,1057,810,198,0,2011
111,081593,Parets del Vallès,1143,2233,1692,1528,182,0,2011
112,081614,Piera,919,1539,1283,1297,234,0,2011
113,081635,Pineda de Mar,2863,3035,2137,1658,471,225,2011
114,081672,Polinyà,522,813,910,611,0,0,2011
115,081691,"Prat de Llobregat, el",4768,7898,5630,4859,789,310,2011
116,082303,Premià de Dalt,676,1204,771,826,154,0,2011
117,081727,Premià de Mar,2436,3367,2450,2038,493,0,2011
118,171411,Puigcerdà,643,991,861,543,134,0,2011
119,431233,Reus,9124,12980,8319,7120,1829,1213,2011
120,171479,Ripoll,1073,1579,1041,573,113,0,2011
121,081803,Ripollet,2694,4136,3519,2847,652,0,2011
122,431299,Riudoms,459,731,514,468,194,0,2011
123,081810,"Roca del Vallès, la",632,966,868,891,192,0,2011
124,431310,Roda de Berà,549,833,592,410,0,0,2011
125,081831,Roda de Ter,482,695,452,417,122,0,2011
126,431331,Roquetes,526,930,744,608,0,0,2011
127,171523,Roses,1830,2695,1414,1493,265,0,2011
128,081846,Rubí,5819,8675,6465,5280,1224,650,2011
129,081878,Sabadell,19133,25788,17633,14937,3039,1068,2011
130,081918,Sallent,592,864,694,443,0,0,2011
131,439057,Salou,3444,2265,2933,1765,202,0,2011
132,171557,Salt,2235,2850,1944,1747,748,753,2011
133,081944,Sant Adrià de Besòs,2378,4576,2759,2437,684,0,2011
134,081960,Sant Andreu de la Barca,1694,3060,2533,2112,485,0,2011
135,081976,Sant Andreu de Llavaneres,670,1188,769,918,189,0,2011
136,081982,Sant Antoni de Vilamajor,390,586,569,405,0,0,2011
137,082009,Sant Boi de Llobregat,5372,10002,7627,5761,1251,569,2011
138,431362,Sant Carles de la Ràpita,1157,2196,1178,1028,0,0,2011
139,082021,Sant Celoni,1283,2133,1295,1337,367,0,2011
140,082055,Sant Cugat del Vallès,5314,8186,6208,6891,2346,696,2011
141,082080,Sant Esteve Sesrovires,404,868,347,417,146,0,2011
142,082107,Sant Feliu de Codines,734,821,443,451,0,0,2011
143,171609,Sant Feliu de Guíxols,1760,2612,1930,1558,418,0,2011
144,082114,Sant Feliu de Llobregat,3346,4689,3816,3735,591,153,2011
145,082093,Sant Fost de Campsentelles,370,1034,655,634,182,0,2011
146,082135,Sant Fruitós de Bages,561,981,745,610,151,0,2011
147,171642,Sant Hilari Sacalm,476,879,477,364,0,0,2011
148,082188,Sant Joan de Vilatorrada,818,1358,860,866,175,0,2011
149,082172,Sant Joan Despí,2152,3762,2977,2833,389,0,2011
150,082212,Sant Just Desvern,1272,1918,949,1359,285,0,2011
151,082310,Sant Pere de Ribes,2426,3411,2458,1894,581,281,2011
152,082359,Sant Pol de Mar,482,563,450,375,117,0,2011
153,082384,Sant Quirze del Vallès,1107,1828,1933,1504,351,0,2011
154,082401,Sant Sadurní d'Anoia,926,1672,900,1024,216,0,2011
155,082628,Sant Vicenç de Castellet,797,1205,882,557,124,0,2011
156,082649,Sant Vicenç de Montalt,476,541,356,506,140,0,2011
157,082634,Sant Vicenç dels Horts,1469,3005,2338,2139,766,0,2011
158,082444,Santa Coloma de Cervelló,395,708,733,720,132,0,2011
159,171805,Santa Coloma de Farners,1100,1405,978,837,305,0,2011
160,082457,Santa Coloma de Gramenet,9513,14609,10701,7189,2479,1155,2011
161,171812,Santa Cristina d'Aro,477,762,356,394,0,0,2011
162,082482,Santa Eulàlia de Ronçana,440,672,519,608,92,0,2011
163,082508,Santa Margarida de Montbui,703,1038,931,811,156,0,2011
164,082515,Santa Margarida i els Monjos,524,807,642,522,0,0,2011
165,082592,Santa Maria de Palautordera,611,881,952,783,150,0,2011
166,082606,Santa Perpètua de Mogoda,1469,2596,2577,2063,502,0,2011
167,081923,Santpedor,476,778,782,486,106,0,2011
168,431457,"Selva del Camp, la",388,561,441,481,0,0,2011
169,430445,"Sénia, la",556,764,499,391,152,0,2011
170,082671,Sentmenat,591,1166,735,524,159,0,2011
171,252038,"Seu d'Urgell, la",1569,1535,1145,802,174,0,2011
172,171931,Sils,415,665,481,418,139,0,2011
173,082704,Sitges,3782,3764,2604,1577,502,0,2011
174,252075,Solsona,947,1178,658,702,0,0,2011
175,082747,Súria,516,779,524,456,0,0,2011
176,082785,Taradell,436,642,522,500,132,0,2011
177,431482,Tarragona,12909,15918,10610,9581,2334,1039,2011
178,252173,Tàrrega,1223,1832,1455,1153,389,0,2011
179,082819,Teià,403,613,458,533,137,0,2011
180,082798,Terrassa,19863,25432,17453,15055,3540,1907,2011
181,082824,Tiana,500,794,709,687,159,0,2011
182,082830,Tona,534,896,972,525,0,0,2011
183,082845,Tordera,1449,2047,1187,1175,0,0,2011
184,082858,Torelló,1257,1600,1265,890,0,188,2011
185,431536,Torredembarra,1513,1989,1523,846,272,0,2011
186,082896,Torrelles de Llobregat,311,609,546,488,96,0,2011
187,171997,Torroella de Montgrí,976,1447,982,642,254,0,2011
188,431554,Tortosa,3026,3682,3016,2031,808,422,2011
189,172023,Tossa de Mar,550,1094,313,432,0,0,2011
190,252347,Tremp,692,713,506,439,100,0,2011
191,431567,Ulldecona,581,595,801,487,0,0,2011
192,082917,Vacarisses,431,595,579,503,0,0,2011
193,082956,Vallirana,843,1468,1196,1178,299,0,2011
194,431613,Valls,2070,3135,2068,1442,587,0,2011
195,431628,Vandellòs i l'Hospitalet de l'Infant,690,689,445,369,163,0,2011
196,431634,"Vendrell, el",3161,4883,3063,2467,581,0,2011
197,082981,Vic,3911,4851,3059,2668,805,449,2011
198,172137,Vidreres,438,971,663,572,151,0,2011
199,252430,Vielha e Mijaran,390,825,300,453,0,0,2011
200,083015,Viladecans,4404,7344,5977,5181,906,419,2011
201,083008,Viladecavalls,231,694,569,746,174,0,2011
202,172214,Vilafant,223,478,502,513,83,0,2011
203,083054,Vilafranca del Penedès,3560,4833,2874,3105,488,0,2011
204,083020,Vilanova del Camí,704,1312,1186,904,281,0,2011
205,089024,Vilanova del Vallès,297,445,468,454,100,0,2011
206,083073,Vilanova i la Geltrú,6593,8537,5341,4830,863,422,2011
207,431711,Vila-seca,2015,2667,1576,1610,348,0,2011
208,082140,Vilassar de Dalt,707,1126,788,667,125,0,2011
209,082191,Vilassar de Mar,1846,2288,1456,1547,419,0,2011
