,Codi,Literal,Habitatges familiars secundaris,Habitatges familiars vacants,Habitatges familiars altres,Any,Habitatges familiars principals
0,250019,Abella de la Conca,7,9,2.0,2001,62
1,080018,Abrera,597,423,21.0,2001,3123
2,250024,Àger,256,3,0.0,2001,200
3,250030,Agramunt,188,274,26.0,2001,1515
4,080023,Aguilar de Segarra,3,5,0.0,2001,74
5,170010,Agullana,126,62,3.0,2001,262
6,080142,Aiguafreda,218,232,0.0,2001,791
7,430017,Aiguamúrcia,360,65,0.0,2001,262
8,170025,Aiguaviva,7,38,0.0,2001,145
9,250387,Aitona,41,156,0.0,2001,670
10,250045,"Alamús, els",0,41,1.0,2001,223
11,250058,Alàs i Cerc,110,75,0.0,2001,141
12,250061,"Albagés, l'",70,0,4.0,2001,186
13,170031,Albanyà,9,1,4.0,2001,40
14,250077,Albatàrrec,3,93,2.0,2001,419
15,250083,Albesa,41,94,16.0,2001,499
16,250096,"Albi, l'",112,49,3.0,2001,291
17,430022,Albinyana,834,39,2.0,2001,602
18,430038,"Albiol, l'",102,6,0.0,2001,77
19,170046,Albons,150,28,1.0,2001,205
20,430043,Alcanar,2211,995,39.0,2001,2840
21,250100,Alcanó,13,24,0.0,2001,82
22,250117,Alcarràs,144,340,6.0,2001,1592
23,250122,Alcoletge,11,203,2.0,2001,597
24,430056,Alcover,238,233,6.0,2001,1365
25,439044,"Aldea, l'",125,199,6.0,2001,1251
26,430069,Aldover,41,57,0.0,2001,261
27,430075,"Aleixar, l'",13,105,3.0,2001,264
28,080039,Alella,391,206,10.0,2001,2643
29,430081,Alfara de Carles,129,1,8.0,2001,118
30,250138,Alfarràs,61,140,2.0,2001,1024
31,250143,Alfés,32,42,0.0,2001,110
32,430094,Alforja,275,125,0.0,2001,497
33,250156,Algerri,36,38,3.0,2001,171
34,250169,Alguaire,62,126,1.0,2001,962
35,250175,Alins,56,29,1.0,2001,105
36,430108,Alió,42,21,1.0,2001,135
37,250194,Almacelles,81,239,10.0,2001,1885
38,250208,Almatret,120,1,0.0,2001,183
39,250215,Almenar,76,247,1.0,2001,1171
40,430115,Almoster,57,59,0.0,2001,313
41,250220,Alòs de Balaguer,97,2,0.0,2001,67
42,170062,Alp,2041,54,0.0,2001,500
43,080044,Alpens,86,21,1.0,2001,101
44,250236,Alpicat,296,90,5.0,2001,1375
45,250241,Alt Àneu,36,0,1.0,2001,166
46,430120,Altafulla,2318,277,3.0,2001,1215
47,170078,Amer,141,161,17.0,2001,778
48,430136,"Ametlla de Mar, l'",3140,912,69.0,2001,1950
49,080057,"Ametlla del Vallès, l'",231,126,1.0,2001,1997
50,439060,"Ampolla, l'",1993,61,2.0,2001,807
51,430141,Amposta,623,1682,18.0,2001,5911
52,170084,Anglès,53,362,1.0,2001,1684
53,250273,Anglesola,8,92,0.0,2001,427
54,250292,Arbeca,179,143,1.0,2001,795
55,430167,"Arboç, l'",66,370,4.0,2001,1286
56,430154,Arbolí,54,1,0.0,2001,43
57,170097,Arbúcies,433,362,4.0,2001,1804
58,080060,Arenys de Mar,2347,429,109.0,2001,4591
59,080076,Arenys de Munt,248,597,0.0,2001,2356
60,170101,Argelaguer,44,21,0.0,2001,138
61,080082,Argençola,2,1,0.0,2001,61
62,430173,"Argentera, l'",64,8,25.0,2001,64
63,080095,Argentona,815,525,10.0,2001,3280
64,170118,"Armentera, l'",148,65,0.0,2001,293
65,430189,Arnes,0,249,0.0,2001,177
66,250313,Arres,2,1,0.0,2001,22
67,250328,Arsèguel,35,3,0.0,2001,33
68,080109,Artés,91,356,31.0,2001,1533
69,250334,Artesa de Lleida,29,58,2.0,2001,446
70,250349,Artesa de Segre,558,348,8.0,2001,1158
71,430192,Ascó,31,178,0.0,2001,606
72,250365,Aspa,35,5,0.0,2001,106
73,250371,"Avellanes i Santa Linya, les",120,48,0.0,2001,173
74,080116,Avià,106,182,0.0,2001,669
75,080121,Avinyó,4,96,0.0,2001,688
76,170123,Avinyonet de Puigventós,44,45,0.0,2001,301
77,080137,Avinyonet del Penedès,63,78,0.0,2001,424
78,080155,Badalona,812,11300,112.0,2001,71744
79,089045,Badia del Vallès,213,549,2.0,2001,5045
80,080168,Bagà,346,293,11.0,2001,776
81,250390,Baix Pallars,3,116,0.0,2001,147
82,250404,Balaguer,308,1308,4.0,2001,4717
83,080174,Balenyà,164,254,8.0,2001,1032
84,080180,Balsareny,171,247,0.0,2001,1146
85,430206,Banyeres del Penedès,263,204,2.0,2001,606
86,170157,Banyoles,712,2088,50.0,2001,7838
87,250411,Barbens,68,35,3.0,2001,251
88,430213,Barberà de la Conca,221,47,0.0,2001,173
89,082520,Barberà del Vallès,131,1069,40.0,2001,8868
90,080193,Barcelona,57719,100771,4986.0,2001,594452
91,250426,"Baronia de Rialb, la",63,30,0.0,2001,95
92,170160,Bàscara,8,73,0.0,2001,275
93,250447,Bassella,17,12,0.0,2001,80
94,430228,Batea,212,149,0.0,2001,657
95,250450,Bausen,0,4,0.0,2001,26
96,080207,Begues,623,69,1.0,2001,1541
97,170139,Begur,3142,0,1.0,2001,1322
98,250463,Belianes,188,4,4.0,2001,226
99,251706,Bellaguarda,40,35,1.0,2001,122
100,170182,Bellcaire d'Empordà,105,23,0.0,2001,203
101,250479,Bellcaire d'Urgell,66,53,0.0,2001,450
102,250485,Bell-lloc d'Urgell,16,44,0.0,2001,722
103,250498,Bellmunt d'Urgell,24,25,0.0,2001,79
104,430234,Bellmunt del Priorat,167,13,0.0,2001,134
105,080214,Bellprat,27,3,0.0,2001,29
106,250501,Bellpuig,220,259,1.0,2001,1392
107,430249,Bellvei,518,83,6.0,2001,490
108,250518,Bellver de Cerdanya,941,165,38.0,2001,649
109,250523,Bellvís,8,70,7.0,2001,780
110,250539,Benavent de Segrià,4,67,0.0,2001,342
111,430252,Benifallet,128,12,15.0,2001,273
112,430265,Benissanet,1,221,1.0,2001,379
113,080229,Berga,884,1265,37.0,2001,5618
114,170195,Besalú,113,121,0.0,2001,762
115,170209,Bescanó,142,107,0.0,2001,1145
116,170216,Beuda,1,30,0.0,2001,47
117,080235,Bigues i Riells del Fai,1194,22,0.0,2001,1980
118,250557,Biosca,33,23,0.0,2001,81
119,170221,"Bisbal d'Empordà, la",384,670,21.0,2001,2880
120,430271,"Bisbal de Falset, la",79,21,0.0,2001,81
121,430287,"Bisbal del Penedès, la",1441,171,0.0,2001,815
122,172348,Biure,65,16,0.0,2001,99
123,430290,Blancafort,87,69,0.0,2001,150
124,170237,Blanes,9356,2335,110.0,2001,11186
125,170293,Boadella i les Escaules,54,27,2.0,2001,81
126,170242,Bolvir,338,2,0.0,2001,110
127,430304,Bonastre,211,31,0.0,2001,154
128,250576,"Bòrdes, Es",50,0,1.0,2001,77
129,170255,Bordils,38,89,0.0,2001,463
130,250582,"Borges Blanques, les",97,931,4.0,2001,1831
131,430311,"Borges del Camp, les",39,183,0.0,2001,587
132,170268,Borrassà,0,14,1.0,2001,178
133,080240,Borredà,218,3,1.0,2001,181
134,250595,Bossòst,16,145,0.0,2001,348
135,430326,Bot,83,83,2.0,2001,275
136,430332,Botarell,72,76,2.0,2001,256
137,250560,Bovera,37,37,4.0,2001,137
138,430347,Bràfim,67,69,1.0,2001,225
139,170274,Breda,181,180,2.0,2001,1200
140,080253,"Bruc, el",0,257,0.0,2001,461
141,080266,"Brull, el",0,44,0.0,2001,57
142,170280,Brunyola i Sant Martí Sapresa,1,10,0.0,2001,109
143,430350,Cabacés,73,23,0.0,2001,118
144,250609,Cabanabona,17,27,0.0,2001,35
145,170314,Cabanelles,12,3,0.0,2001,87
146,170307,Cabanes,46,30,0.0,2001,273
147,080272,"Cabanyes, les",18,31,0.0,2001,183
148,250616,Cabó,6,0,0.0,2001,42
149,430363,Cabra del Camp,448,6,1.0,2001,259
150,080288,Cabrera d'Anoia,360,0,0.0,2001,253
151,080291,Cabrera de Mar,617,60,1.0,2001,1243
152,080305,Cabrils,759,88,0.0,2001,1653
153,170329,Cadaqués,1722,74,0.0,2001,826
154,080312,Calaf,260,446,2.0,2001,1050
155,430379,Calafell,16478,2001,86.0,2001,5418
156,080348,Calders,202,30,1.0,2001,288
157,080327,Caldes d'Estrac,545,405,2.0,2001,765
158,170335,Caldes de Malavella,477,125,3.0,2001,1473
159,080333,Caldes de Montbui,970,836,23.0,2001,4778
160,080351,Calella,2502,1135,142.0,2001,5187
161,080370,Calldetenes,1,75,1.0,2001,620
162,080386,Callús,67,65,0.0,2001,471
163,080364,Calonge de Segarra,86,0,0.0,2001,58
164,170340,Calonge i Sant Antoni,6637,303,18.0,2001,4025
165,250621,Camarasa,185,66,14.0,2001,314
166,439039,Camarles,49,140,14.0,2001,997
167,430385,Cambrils,14987,2474,243.0,2001,7671
168,170353,Camós,34,32,0.0,2001,190
169,170366,Campdevànol,66,199,3.0,2001,1255
170,170372,Campelles,101,4,0.0,2001,47
171,080399,Campins,1,21,0.0,2001,118
172,170388,Campllong,21,13,0.0,2001,106
173,170391,Camprodon,1085,275,4.0,2001,899
174,250637,Canejan,11,41,5.0,2001,46
175,170405,Canet d'Adri,19,5,0.0,2001,189
176,080403,Canet de Mar,1353,840,1.0,2001,3908
177,080410,Canovelles,39,921,0.0,2001,4214
178,080425,Cànoves i Samalús,474,12,0.0,2001,651
179,170412,Cantallops,73,50,0.0,2001,103
180,080431,Canyelles,1236,2,84.0,2001,803
181,430398,Capafonts,77,9,0.0,2001,55
182,430402,Capçanes,63,46,0.0,2001,154
183,080446,Capellades,131,100,3.0,2001,1639
184,170427,Capmany,0,101,0.0,2001,179
185,080459,Capolat,14,11,0.0,2001,24
186,080462,Cardedeu,950,433,1.0,2001,4413
187,080478,Cardona,280,477,0.0,2001,1946
188,080484,Carme,102,44,5.0,2001,231
189,430419,Caseres,75,0,0.0,2001,116
190,170448,Cassà de la Selva,206,846,32.0,2001,2739
191,080497,Casserres,56,151,0.0,2001,564
192,080575,Castell de l'Areny,12,8,0.0,2001,26
193,259046,Castell de Mur,71,2,0.0,2001,67
194,250642,Castellar de la Ribera,8,20,0.0,2001,39
195,080522,Castellar de n'Hug,76,76,9.0,2001,61
196,080500,Castellar del Riu,19,2,0.0,2001,48
197,080517,Castellar del Vallès,849,1328,21.0,2001,6171
198,080538,Castellbell i el Vilar,120,181,0.0,2001,1061
199,080543,Castellbisbal,370,433,6.0,2001,3080
200,080556,Castellcir,42,26,1.0,2001,144
201,250674,Castelldans,32,59,2.0,2001,355
202,080569,Castelldefels,5648,2966,692.0,2001,16585
203,080581,Castellet i la Gornal,352,95,11.0,2001,571
204,170464,Castellfollit de la Roca,63,77,2.0,2001,382
205,080608,Castellfollit de Riubregós,29,22,0.0,2001,72
206,080594,Castellfollit del Boix,6,9,0.0,2001,132
207,080615,Castellgalí,70,75,0.0,2001,340
208,080620,Castellnou de Bages,126,24,0.0,2001,209
209,250680,Castellnou de Seana,91,21,26.0,2001,253
210,170470,Castelló d'Empúries,6028,5147,45.0,2001,2371
211,250693,Castelló de Farfanya,117,29,3.0,2001,206
212,080636,Castellolí,43,0,0.0,2001,145
213,170486,Castell-Platja d'Aro,9299,983,1.0,2001,2849
214,250707,Castellserà,52,48,0.0,2001,384
215,080641,Castellterçol,0,320,1.0,2001,736
216,430424,Castellvell del Camp,308,40,0.0,2001,484
217,080654,Castellví de la Marca,133,119,0.0,2001,474
218,080667,Castellví de Rosanes,267,0,102.0,2001,407
219,430430,"Catllar, el",1454,59,15.0,2001,895
220,250714,Cava,33,10,2.0,2001,24
221,171899,"Cellera de Ter, la",48,107,0.0,2001,677
222,170499,Celrà,14,185,0.0,2001,949
223,080673,Centelles,254,302,0.0,2001,2056
224,082687,Cercs,98,271,0.0,2001,561
225,082665,Cerdanyola del Vallès,985,2916,196.0,2001,18278
226,080689,Cervelló,498,134,13.0,2001,2050
227,250729,Cervera,379,759,4.0,2001,2710
228,250735,Cervià de les Garrigues,165,70,6.0,2001,328
229,170502,Cervià de Ter,48,67,1.0,2001,240
230,170519,Cistella,7,61,2.0,2001,82
231,250740,Ciutadilla,78,20,0.0,2001,79
232,250753,Clariana de Cardener,7,10,3.0,2001,43
233,250766,"Cogul, el",18,19,1.0,2001,87
234,170545,Colera,442,173,1.0,2001,221
235,250772,Coll de Nargó,135,7,0.0,2001,222
236,080692,Collbató,668,76,2.0,2001,925
237,430458,Colldejou,33,5,0.0,2001,58
238,080706,Collsuspina,91,1,1.0,2001,94
239,170558,Colomers,44,10,8.0,2001,75
240,251636,"Coma i la Pedra, la",434,44,0.0,2001,99
241,251615,Conca de Dalt,0,191,0.0,2001,162
242,430461,Conesa,90,17,0.0,2001,59
243,430477,Constantí,49,390,0.0,2001,1692
244,080713,Copons,64,33,0.0,2001,118
245,430483,Corbera d'Ebre,23,92,1.0,2001,340
246,080728,Corbera de Llobregat,1418,444,69.0,2001,3285
247,250788,Corbins,36,36,2.0,2001,387
248,170577,Corçà,87,3,0.0,2001,386
249,080734,Cornellà de Llobregat,440,3441,63.0,2001,28891
250,170561,Cornellà del Terri,27,111,0.0,2001,607
251,430496,Cornudella de Montsant,278,96,5.0,2001,353
252,430509,Creixell,2372,145,12.0,2001,828
253,170583,Crespià,20,17,0.0,2001,79
254,179011,"Cruïlles, Monells i Sant Sadurní de l'Heura",77,11,0.0,2001,367
255,080749,Cubelles,1845,176,2856.0,2001,2897
256,250791,Cubells,113,41,0.0,2001,123
257,430516,Cunit,8748,27,65.0,2001,2658
258,170600,Darnius,117,41,0.0,2001,221
259,170617,Das,180,16,1.0,2001,56
260,439018,Deltebre,781,315,18.0,2001,3314
261,080752,Dosrius,363,86,3.0,2001,1043
262,430537,Duesaigües,84,15,6.0,2001,86
263,170622,"Escala, l'",9670,1027,185.0,2001,2347
264,080765,Esparreguera,990,1406,80.0,2001,6470
265,170638,Espinelves,31,6,0.0,2001,69
266,250812,"Espluga Calba, l'",111,44,13.0,2001,153
267,430542,"Espluga de Francolí, l'",377,360,3.0,2001,1225
268,080771,Esplugues de Llobregat,503,1819,77.0,2001,15575
269,170643,Espolla,87,20,0.0,2001,133
270,170656,Esponellà,41,26,0.0,2001,111
271,250827,Espot,69,0,0.0,2001,114
272,080787,"Espunyola, l'",0,5,0.0,2001,74
273,082541,"Esquirol, l'",237,71,0.0,2001,716
274,250886,Estamariu,12,9,0.0,2001,43
275,080790,"Estany, l'",110,29,8.0,2001,148
276,250851,Estaràs,3,4,0.0,2001,63
277,250864,Esterri d'Àneu,442,12,12.0,2001,247
278,250870,Esterri de Cardós,29,1,3.0,2001,25
279,430555,Falset,190,173,0.0,2001,895
280,170059,"Far d'Empordà, el",5,26,0.0,2001,141
281,250899,Farrera,0,4,0.0,2001,45
282,430568,"Fatarella, la",83,78,3.0,2001,416
283,430574,"Febró, la",26,9,0.0,2001,25
284,081347,Figaró-Montmany,101,54,0.0,2001,302
285,080804,Fígols,10,2,0.0,2001,22
286,259084,Fígols i Alinyà,51,7,0.0,2001,106
287,430580,"Figuera, la",116,10,1.0,2001,52
288,170669,Figueres,1524,3685,90.0,2001,12357
289,430593,Figuerola del Camp,99,19,0.0,2001,110
290,170675,Flaçà,45,79,3.0,2001,325
291,430607,Flix,38,559,0.0,2001,1419
292,250925,"Floresta, la",37,31,0.0,2001,74
293,080826,Fogars de la Selva,475,0,0.0,2001,291
294,080811,Fogars de Montclús,25,0,0.0,2001,117
295,170681,Foixà,59,7,5.0,2001,114
296,080832,Folgueroles,109,22,0.0,2001,584
297,250931,Fondarella,11,8,0.0,2001,210
298,080847,Fonollosa,293,23,0.0,2001,350
299,170694,Fontanals de Cerdanya,811,39,0.0,2001,154
300,170708,Fontanilles,39,1,7.0,2001,46
301,170715,Fontcoberta,7,68,0.0,2001,344
302,080850,Font-rubí,241,20,3.0,2001,425
303,250946,Foradada,33,32,1.0,2001,69
304,179026,Forallac,176,77,8.0,2001,561
305,430614,Forès,58,10,0.0,2001,26
306,170736,Fornells de la Selva,33,221,0.0,2001,515
307,170741,Fortià,39,35,0.0,2001,194
308,080863,"Franqueses del Vallès, les",199,1137,0.0,2001,4420
309,430629,Freginals,34,52,0.0,2001,136
310,250962,"Fuliola, la",13,79,0.0,2001,417
311,250978,Fulleda,44,14,0.0,2001,39
312,080902,Gaià,42,16,0.0,2001,47
313,430635,"Galera, la",2,139,0.0,2001,286
314,080879,Gallifa,64,0,0.0,2001,67
315,430640,Gandesa,91,353,13.0,2001,897
316,430653,Garcia,104,89,8.0,2001,201
317,430666,"Garidells, els",49,4,0.0,2001,57
318,080885,"Garriga, la",406,805,10.0,2001,4180
319,170754,Garrigàs,64,5,0.0,2001,113
320,170767,Garrigoles,3,41,0.0,2001,58
321,170773,Garriguella,23,58,0.0,2001,270
322,080898,Gavà,2833,1820,25.0,2001,13790
323,250984,Gavet de la Conca,126,29,10.0,2001,116
324,080919,Gelida,636,340,17.0,2001,1661
325,170789,Ger,164,7,1.0,2001,151
326,259123,Gimenells i el Pla de la Font,23,54,1.0,2001,354
327,430672,Ginestar,39,111,1.0,2001,292
328,170792,Girona,4972,7381,997.0,2001,27689
329,080924,Gironella,109,516,17.0,2001,1798
330,080930,Gisclareny,12,1,0.0,2001,14
331,430688,Godall,70,216,1.0,2001,279
332,250997,Golmés,30,83,0.0,2001,447
333,170806,Gombrèn,14,67,0.0,2001,92
334,251001,Gósol,195,2,0.0,2001,95
335,080945,"Granada, la",13,46,0.0,2001,471
336,251018,"Granadella, la",92,56,0.0,2001,287
337,080958,Granera,0,9,0.0,2001,32
338,251023,"Granja d'Escarp, la",50,106,0.0,2001,386
339,080961,Granollers,768,2838,134.0,2001,18639
340,251039,Granyanella,85,1,0.0,2001,54
341,251057,Granyena de les Garrigues,18,70,0.0,2001,70
342,251044,Granyena de Segarra,58,0,8.0,2001,58
343,430691,Gratallops,102,21,15.0,2001,81
344,080977,Gualba,96,35,0.0,2001,308
345,170813,Gualta,80,29,5.0,2001,104
346,080996,Guardiola de Berguedà,81,183,0.0,2001,374
347,430705,"Guiamets, els",28,16,0.0,2001,107
348,170828,Guils de Cerdanya,266,0,0.0,2001,136
349,251095,Guimerà,115,12,1.0,2001,151
350,259031,"Guingueta d'Àneu, la",13,0,0.0,2001,143
351,251109,Guissona,139,271,1.0,2001,1228
352,251116,Guixers,37,5,0.0,2001,57
353,081000,Gurb,14,83,12.0,2001,600
354,430712,Horta de Sant Joan,446,19,21.0,2001,461
355,081017,"Hospitalet de Llobregat, l'",4170,14409,292.0,2001,87872
356,081629,"Hostalets de Pierola, els",267,302,0.0,2001,545
357,170834,Hostalric,191,191,0.0,2001,1041
358,081022,Igualada,1779,4754,29.0,2001,11900
359,251155,Isona i Conca Dellà,324,40,24.0,2001,438
360,170849,Isòvol,7,18,0.0,2001,77
361,251137,Ivars d'Urgell,50,47,12.0,2001,576
362,251121,Ivars de Noguera,44,10,1.0,2001,112
363,251142,Ivorra,17,5,0.0,2001,50
364,170852,Jafre,46,24,4.0,2001,130
365,170865,"Jonquera, la",44,244,1.0,2001,926
366,081038,Jorba,97,10,0.0,2001,214
367,259101,Josa i Tuixén,55,69,0.0,2001,59
368,170871,Juià,23,9,0.0,2001,97
369,251180,Juncosa,61,43,0.0,2001,197
370,251193,Juneda,123,248,0.0,2001,980
371,251214,Les,0,104,23.0,2001,253
372,251229,Linyola,19,186,10.0,2001,803
373,081043,"Llacuna, la",486,3,2.0,2001,317
374,170887,Lladó,134,1,0.0,2001,190
375,251235,Lladorre,12,0,0.0,2001,97
376,251240,Lladurs,49,4,0.0,2001,67
377,081056,"Llagosta, la",68,643,0.0,2001,4204
378,170890,Llagostera,332,1085,2.0,2001,3499
379,170904,Llambilles,0,2,0.0,2001,107
380,170911,Llanars,241,136,0.0,2001,200
381,170926,Llançà,4584,214,213.0,2001,1607
382,251253,Llardecans,50,44,0.0,2001,224
383,251266,Llavorsí,113,5,19.0,2001,124
384,251207,Lleida,6596,9033,1247.0,2001,40448
385,170932,Llers,48,57,0.0,2001,353
386,251272,Lles de Cerdanya,149,14,4.0,2001,106
387,081075,Lliçà d'Amunt,2278,143,1.0,2001,3398
388,081081,Lliçà de Vall,505,212,1.0,2001,1691
389,251288,Llimiana,111,5,1.0,2001,64
390,081069,Llinars del Vallès,648,119,22.0,2001,2480
391,170947,Llívia,1517,132,3.0,2001,423
392,430727,"Lloar, el",58,5,0.0,2001,48
393,251291,Llobera,0,14,3.0,2001,55
394,430733,Llorac,27,8,0.0,2001,45
395,430748,Llorenç del Penedès,121,79,2.0,2001,566
396,170950,Lloret de Mar,7164,2117,411.0,2001,7428
397,170963,"Llosses, les",75,70,2.0,2001,98
398,081094,Lluçà,66,39,1.0,2001,87
399,171024,Maçanet de Cabrenys,99,106,3.0,2001,269
400,171030,Maçanet de la Selva,827,128,0.0,2001,1421
401,170979,Madremanya,35,6,0.0,2001,71
402,170985,Maià de Montcal,45,25,0.0,2001,120
403,251333,Maials,102,82,2.0,2001,345
404,251305,Maldà,124,0,1.0,2001,114
405,081108,Malgrat de Mar,1324,1207,251.0,2001,5103
406,081115,Malla,15,11,0.0,2001,59
407,081120,Manlleu,105,1222,12.0,2001,5869
408,081136,Manresa,1385,6830,214.0,2001,24228
409,430764,Marçà,174,0,0.0,2001,256
410,430751,Margalef,63,9,0.0,2001,53
411,082423,Marganell,6,6,2.0,2001,86
412,081141,Martorell,236,1180,24.0,2001,8098
413,081154,Martorelles,65,568,5.0,2001,1698
414,430770,Mas de Barberans,54,103,1.0,2001,239
415,171002,Masarac,17,12,0.0,2001,79
416,430786,Masdenverge,0,73,0.0,2001,322
417,081167,"Masies de Roda, les",0,37,0.0,2001,225
418,081173,"Masies de Voltregà, les",0,245,1.0,2001,955
419,430799,Masllorenç,161,37,0.0,2001,169
420,081189,"Masnou, el",1316,909,89.0,2001,7375
421,430803,"Masó, la",20,24,0.0,2001,94
422,430810,Maspujols,155,3,0.0,2001,180
423,081192,Masquefa,342,1149,2.0,2001,1982
424,430825,"Masroig, el",62,53,0.0,2001,208
425,251312,Massalcoreig,2,109,1.0,2001,187
426,171019,Massanes,27,18,2.0,2001,208
427,251327,Massoteres,15,10,1.0,2001,67
428,081206,Matadepera,357,296,0.0,2001,2076
429,081213,Mataró,1040,7571,259.0,2001,37850
430,081228,Mediona,731,24,2.0,2001,595
431,251348,Menàrguens,51,37,0.0,2001,292
432,170998,Meranges,57,24,1.0,2001,35
433,171058,Mieres,73,44,0.0,2001,108
434,430831,"Milà, el",14,18,0.0,2001,53
435,251351,Miralcamp,34,5,2.0,2001,392
436,430846,Miravet,75,5,0.0,2001,282
437,081385,Moià,825,264,50.0,2001,1534
438,430859,"Molar, el",67,31,0.0,2001,112
439,081234,Molins de Rei,670,903,9.0,2001,7370
440,251370,Mollerussa,200,961,2.0,2001,3412
441,171061,Mollet de Peralada,12,30,0.0,2001,70
442,081249,Mollet del Vallès,182,2742,103.0,2001,16780
443,171077,Molló,183,59,1.0,2001,126
444,251364,"Molsosa, la",7,9,0.0,2001,31
445,081287,Monistrol de Calders,101,15,1.0,2001,212
446,081271,Monistrol de Montserrat,70,285,1.0,2001,919
447,171096,Montagut i Oix,4,39,1.0,2001,300
448,430862,Montblanc,519,535,8.0,2001,2149
449,430884,Montbrió del Camp,89,116,1.0,2001,544
450,081252,Montcada i Reixac,204,2407,10.0,2001,9967
451,081304,Montclar,0,2,0.0,2001,32
452,251399,Montellà i Martinet,273,27,5.0,2001,220
453,081311,Montesquiu,125,59,2.0,2001,320
454,251403,Montferrer i Castellbò,198,100,0.0,2001,267
455,430897,Montferri,173,26,0.0,2001,61
456,251386,Montgai,68,31,0.0,2001,279
457,081265,Montgat,478,622,7.0,2001,3044
458,081326,Montmajor,42,39,0.0,2001,137
459,081332,Montmaneu,47,6,1.0,2001,60
460,430901,"Montmell, el",741,22,1.0,2001,289
461,081350,Montmeló,51,271,1.0,2001,2914
462,251425,Montoliu de Lleida,0,76,0.0,2001,149
463,251410,Montoliu de Segarra,39,0,0.0,2001,71
464,251431,Montornès de Segarra,43,6,0.0,2001,38
465,081363,Montornès del Vallès,421,848,48.0,2001,4439
466,430918,Mont-ral,92,1,0.0,2001,67
467,171100,Mont-ras,87,62,0.0,2001,520
468,430923,Mont-roig del Camp,4736,3116,162.0,2001,2629
469,081379,Montseny,0,6,0.0,2001,95
470,430939,Móra d'Ebre,79,426,6.0,2001,1579
471,430944,Móra la Nova,114,209,0.0,2001,1006
472,430957,"Morell, el",64,175,0.0,2001,784
473,430960,"Morera de Montsant, la",81,0,1.0,2001,61
474,081290,Muntanyola,115,0,0.0,2001,125
475,081398,Mura,90,22,0.0,2001,87
476,251459,Nalec,41,12,8.0,2001,35
477,250254,Naut Aran,2579,26,63.0,2001,529
478,081402,Navarcles,213,224,71.0,2001,1798
479,081419,Navàs,87,364,4.0,2001,1932
480,171117,Navata,137,84,0.0,2001,282
481,251462,Navès,46,10,7.0,2001,82
482,081424,"Nou de Berguedà, la",51,17,0.0,2001,47
483,430976,"Nou de Gaià, la",47,0,1.0,2001,145
484,430982,Nulles,74,1,25.0,2001,137
485,251484,Odèn,0,28,0.0,2001,73
486,081430,Òdena,72,204,2.0,2001,895
487,171122,Ogassa,104,9,0.0,2001,109
488,081458,Olèrdola,246,185,0.0,2001,829
489,081461,Olesa de Bonesvalls,94,11,0.0,2001,388
490,081477,Olesa de Montserrat,257,1710,4.0,2001,6156
491,251497,Oliana,225,108,0.0,2001,644
492,251500,Oliola,35,29,0.0,2001,78
493,251517,Olius,123,15,1.0,2001,181
494,081483,Olivella,213,116,0.0,2001,558
495,081496,Olost,108,152,0.0,2001,399
496,171143,Olot,507,2532,214.0,2001,10399
497,251522,"Oluges, les",28,4,0.0,2001,66
498,081445,Olvan,46,82,7.0,2001,324
499,251538,"Omellons, els",26,18,0.0,2001,92
500,251543,"Omells de na Gaia, els",95,18,0.0,2001,60
501,171156,Ordis,41,32,0.0,2001,116
502,251556,Organyà,172,148,4.0,2001,379
503,081509,Orís,13,24,0.0,2001,73
504,081516,Oristà,5,56,0.0,2001,188
505,081521,Orpí,28,4,2.0,2001,51
506,081537,Òrrius,106,14,0.0,2001,164
507,251569,Os de Balaguer,205,42,0.0,2001,286
508,171169,Osor,61,56,3.0,2001,78
509,251575,Ossó de Sió,53,0,0.0,2001,76
510,081542,Pacs del Penedès,35,34,0.0,2001,230
511,081555,Palafolls,511,144,6.0,2001,1996
512,171175,Palafrugell,7628,989,31.0,2001,6568
513,171181,Palamós,2105,2998,41.0,2001,5473
514,251581,"Palau d'Anglesola, el",29,95,0.0,2001,572
515,171194,Palau de Santa Eulàlia,42,0,0.0,2001,33
516,171215,Palau-sator,67,18,0.0,2001,104
517,171208,Palau-saverdera,261,34,2.0,2001,331
518,081568,Palau-solità i Plegamans,1036,219,23.0,2001,3681
519,431009,"Pallaresos, els",327,50,3.0,2001,895
520,081574,Pallejà,641,456,166.0,2001,2856
521,430995,"Palma d'Ebre, la",87,26,2.0,2001,154
522,089058,"Palma de Cervelló, la",192,146,15.0,2001,946
523,171236,Palol de Revardit,31,7,5.0,2001,108
524,171241,Pals,2096,152,3.0,2001,821
525,081580,"Papiol, el",127,94,2.0,2001,1152
526,171254,Pardines,125,14,2.0,2001,55
527,081593,Parets del Vallès,355,690,33.0,2001,5108
528,171267,Parlavà,40,37,4.0,2001,117
529,431016,Passanant i Belltall,151,49,0.0,2001,86
530,171289,Pau,96,0,1.0,2001,161
531,431021,Paüls,31,0,0.0,2001,200
532,171292,Pedret i Marzà,13,0,0.0,2001,49
533,251641,Penelles,39,24,1.0,2001,159
534,171306,"Pera, la",40,36,0.0,2001,136
535,081607,Perafita,68,28,0.0,2001,134
536,431037,Perafort,6,101,2.0,2001,218
537,171328,Peralada,125,153,1.0,2001,503
538,251654,Peramola,107,43,0.0,2001,120
539,431042,"Perelló, el",51,278,16.0,2001,817
540,081614,Piera,3443,1682,9.0,2001,3469
541,431055,"Piles, les",79,15,0.0,2001,67
542,081635,Pineda de Mar,3538,3265,84.0,2001,7603
543,431068,"Pinell de Brai, el",38,128,3.0,2001,348
544,251667,Pinell de Solsonès,16,28,4.0,2001,61
545,251673,Pinós,61,7,7.0,2001,88
546,431074,Pira,54,13,0.0,2001,167
547,431080,"Pla de Santa Maria, el",100,132,1.0,2001,587
548,081640,"Pla del Penedès, el",45,55,0.0,2001,313
549,171334,"Planes d'Hostoles, les",112,129,0.0,2001,599
550,171349,Planoles,347,51,10.0,2001,118
551,259118,"Plans de Sió, els",174,3,0.0,2001,182
552,251689,"Poal, el",25,12,0.0,2001,217
553,251692,"Pobla de Cérvoles, la",121,23,0.0,2001,97
554,081653,"Pobla de Claramunt, la",71,224,0.0,2001,648
555,081666,"Pobla de Lillet, la",164,286,3.0,2001,552
556,431093,"Pobla de Mafumet, la",2,93,0.0,2001,390
557,431107,"Pobla de Massaluca, la",41,55,0.0,2001,141
558,431114,"Pobla de Montornès, la",355,0,0.0,2001,599
559,251713,"Pobla de Segur, la",541,357,23.0,2001,1123
560,431129,Poboleda,223,4,0.0,2001,138
561,081672,Polinyà,66,263,5.0,2001,1740
562,431135,"Pont d'Armentera, el",39,106,0.0,2001,205
563,250306,"Pont de Bar, el",22,6,0.0,2001,66
564,171352,Pont de Molins,9,10,0.0,2001,161
565,251734,"Pont de Suert, el",373,193,17.0,2001,793
566,081825,"Pont de Vilomara i Rocafort, el",53,185,0.0,2001,952
567,431418,Pontils,64,10,0.0,2001,48
568,081688,Pontons,300,51,0.0,2001,161
569,171365,Pontós,18,21,0.0,2001,85
570,251728,Ponts,248,263,1.0,2001,846
571,171371,Porqueres,40,101,0.0,2001,1145
572,431140,Porrera,122,6,2.0,2001,183
573,171404,"Port de la Selva, el",1223,7,2.0,2001,328
574,171387,Portbou,252,44,33.0,2001,596
575,251749,"Portella, la",34,28,0.0,2001,229
576,431153,Pradell de la Teixeta,56,8,0.0,2001,75
577,431166,Prades,421,68,1.0,2001,234
578,431172,Prat de Comte,32,67,0.0,2001,75
579,081691,"Prat de Llobregat, el",201,2294,205.0,2001,21315
580,431188,Pratdip,394,41,2.0,2001,220
581,081712,Prats de Lluçanès,10,275,1.0,2001,900
582,081705,"Prats de Rei, els",26,52,2.0,2001,199
583,251752,Prats i Sansor,345,6,0.0,2001,81
584,251765,Preixana,16,43,0.0,2001,145
585,251771,Preixens,85,42,0.0,2001,174
586,082303,Premià de Dalt,596,111,1.0,2001,2930
587,081727,Premià de Mar,1627,887,44.0,2001,9155
588,171390,"Preses, les",45,65,1.0,2001,506
589,251790,Prullans,121,0,0.0,2001,81
590,171411,Puigcerdà,1591,614,55.0,2001,2661
591,081748,Puigdàlber,21,6,0.0,2001,118
592,251804,Puiggròs,28,18,1.0,2001,107
593,431191,Puigpelat,139,36,3.0,2001,216
594,081751,Puig-reig,45,304,2.0,2001,1524
595,251811,Puigverd d'Agramunt,14,13,0.0,2001,95
596,251826,Puigverd de Lleida,123,54,2.0,2001,381
597,081764,Pujalt,10,46,0.0,2001,60
598,081770,"Quar, la",3,0,0.0,2001,21
599,171426,Quart,46,141,6.0,2001,769
600,170433,Queralbs,260,1,0.0,2001,79
601,431205,Querol,449,18,1.0,2001,133
602,171432,Rabós,11,37,0.0,2001,69
603,081786,Rajadell,16,12,0.0,2001,141
604,431212,Rasquera,112,79,1.0,2001,273
605,171447,Regencós,57,19,0.0,2001,104
606,081799,Rellinars,262,31,1.0,2001,148
607,431227,Renau,17,3,0.0,2001,26
608,431233,Reus,2439,6825,367.0,2001,31244
609,251832,Rialp,247,53,5.0,2001,205
610,431248,"Riba, la",0,183,0.0,2001,269
611,431251,Riba-roja d'Ebre,0,349,0.0,2001,494
612,259059,Ribera d'Ondara,7,41,0.0,2001,148
613,251850,Ribera d'Urgellet,306,2,0.0,2001,292
614,171450,Ribes de Freser,302,232,0.0,2001,790
615,171463,Riells i Viabrea,1072,29,5.0,2001,816
616,431264,"Riera de Gaià, la",122,101,10.0,2001,377
617,251863,Riner,0,46,2.0,2001,78
618,171479,Ripoll,178,973,7.0,2001,4002
619,081803,Ripollet,255,2325,44.0,2001,10613
620,259139,Riu de Cerdanya,42,2,0.0,2001,32
621,171485,Riudarenes,179,78,0.0,2001,502
622,171498,Riudaura,15,37,0.0,2001,140
623,431270,Riudecanyes,146,16,0.0,2001,303
624,431286,Riudecols,105,92,1.0,2001,366
625,171501,Riudellots de la Selva,0,21,0.0,2001,505
626,431299,Riudoms,127,247,11.0,2001,1810
627,171518,Riumors,1,43,0.0,2001,78
628,081810,"Roca del Vallès, la",406,127,2.0,2001,2630
629,431303,Rocafort de Queralt,80,26,0.0,2001,116
630,431310,Roda de Berà,4555,400,125.0,2001,1513
631,081831,Roda de Ter,27,333,5.0,2001,1747
632,431325,Rodonyà,177,38,0.0,2001,162
633,431331,Roquetes,657,526,14.0,2001,2312
634,171523,Roses,17122,707,7.0,2001,4831
635,251898,Rosselló,60,155,2.0,2001,614
636,431346,"Rourell, el",7,46,1.0,2001,103
637,081846,Rubí,2955,4089,137.0,2001,21044
638,081859,Rubió,39,11,1.0,2001,35
639,171539,Rupià,97,1,0.0,2001,69
640,089019,Rupit i Pruit,93,16,0.0,2001,123
641,081878,Sabadell,2158,11852,314.0,2001,65708
642,081884,Sagàs,0,4,0.0,2001,42
643,251902,Salàs de Pallars,127,78,0.0,2001,134
644,081901,Saldes,16,0,0.0,2001,106
645,171544,Sales de Llierca,14,6,0.0,2001,34
646,081918,Sallent,69,821,1.0,2001,2552
647,431359,Salomó,9,107,1.0,2001,152
648,439057,Salou,13358,6102,3819.0,2001,5601
649,171557,Salt,301,1724,18.0,2001,7651
650,251919,Sanaüja,116,46,0.0,2001,180
651,081944,Sant Adrià de Besòs,60,1757,0.0,2001,11119
652,081957,Sant Agustí de Lluçanès,34,11,3.0,2001,27
653,081960,Sant Andreu de la Barca,132,1236,0.0,2001,7718
654,081976,Sant Andreu de Llavaneres,948,1343,17.0,2001,2666
655,171576,Sant Andreu Salou,20,11,0.0,2001,47
656,171833,Sant Aniol de Finestres,20,45,0.0,2001,107
657,081982,Sant Antoni de Vilamajor,57,271,0.0,2001,1317
658,081995,Sant Bartomeu del Grau,58,47,1.0,2001,318
659,082009,Sant Boi de Llobregat,1000,3696,43.0,2001,26809
660,082016,Sant Boi de Lluçanès,76,49,2.0,2001,169
661,431362,Sant Carles de la Ràpita,2162,1156,3.0,2001,4184
662,082037,Sant Cebrià de Vallalta,307,190,0.0,2001,763
663,082021,Sant Celoni,512,1165,1.0,2001,4338
664,082042,Sant Climent de Llobregat,64,167,0.0,2001,1071
665,171582,Sant Climent Sescebes,25,68,2.0,2001,158
666,082055,Sant Cugat del Vallès,2792,5911,227.0,2001,19806
667,082068,Sant Cugat Sesgarrigues,52,45,0.0,2001,236
668,251961,Sant Esteve de la Sarga,69,0,0.0,2001,48
669,082074,Sant Esteve de Palautordera,187,0,0.0,2001,523
670,082080,Sant Esteve Sesrovires,624,80,23.0,2001,1734
671,171595,Sant Feliu de Buixalleu,250,29,43.0,2001,267
672,082107,Sant Feliu de Codines,527,370,10.0,2001,1644
673,171609,Sant Feliu de Guíxols,4691,1301,1220.0,2001,6609
674,082114,Sant Feliu de Llobregat,514,2056,43.0,2001,13979
675,171616,Sant Feliu de Pallerols,118,164,0.0,2001,439
676,082129,Sant Feliu Sasserra,55,54,0.0,2001,218
677,171621,Sant Ferriol,12,19,0.0,2001,66
678,082093,Sant Fost de Campsentelles,269,74,1.0,2001,2172
679,082135,Sant Fruitós de Bages,84,331,10.0,2001,2017
680,171637,Sant Gregori,30,48,3.0,2001,798
681,251924,Sant Guim de Freixenet,125,46,0.0,2001,348
682,251977,Sant Guim de la Plana,25,20,0.0,2001,55
683,171642,Sant Hilari Sacalm,295,361,16.0,2001,1778
684,082153,Sant Hipòlit de Voltregà,16,329,5.0,2001,1067
685,081939,Sant Iscle de Vallalta,0,136,0.0,2001,353
686,439023,Sant Jaume d'Enveja,188,181,0.0,2001,1091
687,082166,Sant Jaume de Frontanyà,16,5,1.0,2001,10
688,171655,Sant Jaume de Llierca,34,42,0.0,2001,268
689,431378,Sant Jaume dels Domenys,489,73,1.0,2001,564
690,171674,Sant Joan de les Abadesses,317,257,7.0,2001,1341
691,171680,Sant Joan de Mollet,22,2,0.0,2001,142
692,082188,Sant Joan de Vilatorrada,56,536,10.0,2001,3178
693,082172,Sant Joan Despí,594,1331,64.0,2001,10012
694,171851,Sant Joan les Fonts,25,189,9.0,2001,989
695,171668,Sant Jordi Desvalls,82,38,0.0,2001,220
696,089030,Sant Julià de Cerdanyola,148,6,0.0,2001,97
697,171693,Sant Julià de Ramis,8,71,0.0,2001,677
698,082205,Sant Julià de Vilatorta,112,153,0.0,2001,808
699,179032,Sant Julià del Llor i Bonmatí,129,9,0.0,2001,379
700,082212,Sant Just Desvern,279,855,11.0,2001,4660
701,082227,Sant Llorenç d'Hortons,328,37,0.0,2001,610
702,171714,Sant Llorenç de la Muga,86,0,0.0,2001,84
703,251930,Sant Llorenç de Morunys,429,85,10.0,2001,324
704,082233,Sant Llorenç Savall,454,21,2.0,2001,690
705,082251,Sant Martí d'Albars,23,12,0.0,2001,33
706,082248,Sant Martí de Centelles,63,21,0.0,2001,281
707,171729,Sant Martí de Llémena,74,40,0.0,2001,175
708,259025,Sant Martí de Riucorb,164,83,0.0,2001,262
709,082264,Sant Martí de Tous,66,70,4.0,2001,356
710,082270,Sant Martí Sarroca,134,93,0.0,2001,803
711,082286,Sant Martí Sesgueioles,55,36,0.0,2001,120
712,171735,Sant Martí Vell,2,0,0.0,2001,77
713,082299,Sant Mateu de Bages,21,84,0.0,2001,231
714,171740,Sant Miquel de Campmajor,26,24,0.0,2001,66
715,171753,Sant Miquel de Fluvià,75,15,0.0,2001,212
716,171766,Sant Mori,56,16,0.0,2001,51
717,171772,Sant Pau de Segúries,101,76,0.0,2001,243
718,082310,Sant Pere de Ribes,2583,986,41.0,2001,8073
719,082325,Sant Pere de Riudebitlles,39,155,20.0,2001,731
720,082331,Sant Pere de Torelló,34,117,0.0,2001,761
721,082346,Sant Pere de Vilamajor,0,553,1.0,2001,1006
722,171788,Sant Pere Pescador,364,19,0.0,2001,522
723,081897,Sant Pere Sallavinera,25,22,0.0,2001,46
724,082359,Sant Pol de Mar,1356,571,2.0,2001,1506
725,082362,Sant Quintí de Mediona,242,191,0.0,2001,645
726,082378,Sant Quirze de Besora,150,175,0.0,2001,753
727,082384,Sant Quirze del Vallès,779,197,8.0,2001,4314
728,082397,Sant Quirze Safaja,113,0,0.0,2001,156
729,251945,Sant Ramon,45,6,0.0,2001,178
730,082401,Sant Sadurní d'Anoia,83,573,28.0,2001,3274
731,082418,Sant Sadurní d'Osormort,0,0,0.0,2001,28
732,080983,Sant Salvador de Guardiola,487,31,4.0,2001,773
733,082628,Sant Vicenç de Castellet,0,593,0.0,2001,2532
734,082649,Sant Vicenç de Montalt,1174,46,0.0,2001,1392
735,082652,Sant Vicenç de Torelló,38,74,6.0,2001,651
736,082634,Sant Vicenç dels Horts,940,1709,13.0,2001,8174
737,431384,Santa Bàrbara,70,351,5.0,2001,1248
738,082439,Santa Cecília de Voltregà,2,0,0.0,2001,58
739,082444,Santa Coloma de Cervelló,299,279,9.0,2001,1966
740,171805,Santa Coloma de Farners,635,459,9.0,2001,3269
741,082457,Santa Coloma de Gramenet,734,5405,173.0,2001,39429
742,431397,Santa Coloma de Queralt,142,232,3.0,2001,963
743,171812,Santa Cristina d'Aro,2061,149,2.0,2001,1894
744,082460,Santa Eugènia de Berga,20,64,0.0,2001,622
745,082476,Santa Eulàlia de Riuprimer,13,64,0.0,2001,287
746,082482,Santa Eulàlia de Ronçana,883,107,5.0,2001,1678
747,082495,Santa Fe del Penedès,13,5,0.0,2001,98
748,171827,Santa Llogaia d'Àlguema,1,32,0.0,2001,99
749,082508,Santa Margarida de Montbui,53,793,2.0,2001,3047
750,082515,Santa Margarida i els Monjos,12,264,0.0,2001,1687
751,082589,Santa Maria d'Oló,103,92,3.0,2001,329
752,082536,Santa Maria de Besora,27,9,2.0,2001,60
753,082567,Santa Maria de Martorelles,77,16,0.0,2001,249
754,082554,Santa Maria de Merlès,15,63,3.0,2001,43
755,082573,Santa Maria de Miralles,2,0,0.0,2001,41
756,082592,Santa Maria de Palautordera,980,169,1.0,2001,2336
757,431401,Santa Oliva,476,77,0.0,2001,792
758,171848,Santa Pau,28,87,0.0,2001,479
759,082606,Santa Perpètua de Mogoda,267,1073,55.0,2001,6928
760,082613,Santa Susanna,891,52,0.0,2001,729
761,081923,Santpedor,101,283,0.0,2001,1802
762,431423,Sarral,251,88,12.0,2001,510
763,171864,Sarrià de Ter,115,108,1.0,2001,1307
764,252017,Sarroca de Bellera,58,0,0.0,2001,66
765,252000,Sarroca de Lleida,37,3,27.0,2001,159
766,171870,"Saus, Camallera i Llampaies",60,42,0.0,2001,262
767,431439,Savallà del Comtat,65,9,0.0,2001,27
768,431444,"Secuita, la",193,124,5.0,2001,405
769,171886,"Selva de Mar, la",163,5,0.0,2001,82
770,431457,"Selva del Camp, la",81,359,3.0,2001,1443
771,431460,Senan,40,6,0.0,2001,17
772,430445,"Sénia, la",401,1274,54.0,2001,1832
773,252022,Senterada,75,1,0.0,2001,44
774,250352,"Sentiu de Sió, la",56,24,0.0,2001,154
775,082671,Sentmenat,319,414,9.0,2001,2016
776,171903,Serinyà,25,77,1.0,2001,302
777,252043,Seròs,117,144,6.0,2001,617
778,171910,Serra de Daró,46,2,0.0,2001,67
779,171925,Setcases,281,10,0.0,2001,71
780,252038,"Seu d'Urgell, la",553,974,10.0,2001,4045
781,082690,Seva,474,85,2.0,2001,909
782,252056,Sidamon,10,30,0.0,2001,204
783,171931,Sils,823,1,3.0,2001,1123
784,082704,Sitges,5371,1961,1152.0,2001,8100
785,170524,Siurana,4,12,0.0,2001,55
786,082711,Sobremunt,26,3,0.0,2001,25
787,252069,"Soleràs, el",25,66,1.0,2001,138
788,431476,Solivella,146,37,1.0,2001,247
789,252075,Solsona,365,851,13.0,2001,2548
790,082726,Sora,45,15,0.0,2001,64
791,252081,Soriguera,148,36,0.0,2001,126
792,252094,Sort,704,95,1.0,2001,751
793,252108,Soses,67,92,2.0,2001,465
794,082732,Subirats,357,114,2.0,2001,907
795,252115,Sudanell,13,80,0.0,2001,243
796,252120,Sunyer,10,22,0.0,2001,94
797,082747,Súria,164,524,0.0,2001,2105
798,171946,Susqueda,28,1,0.0,2001,41
799,082763,Tagamanent,0,3,0.0,2001,80
800,082779,Talamanca,175,13,0.0,2001,39
801,252154,Talarn,63,70,3.0,2001,134
802,252167,Talavera,11,9,0.0,2001,96
803,171959,"Tallada d'Empordà, la",59,24,0.0,2001,114
804,082785,Taradell,531,176,2.0,2001,1718
805,431482,Tarragona,6911,10136,851.0,2001,41116
806,252173,Tàrrega,501,1386,2.0,2001,4594
807,252189,Tarrés,27,9,1.0,2001,47
808,252192,Tarroja de Segarra,8,32,0.0,2001,62
809,082750,Tavèrnoles,7,33,0.0,2001,74
810,082802,Tavertet,88,22,1.0,2001,57
811,082819,Teià,156,156,1.0,2001,1773
812,252206,Térmens,41,108,0.0,2001,457
813,171962,Terrades,44,9,4.0,2001,82
814,082798,Terrassa,1842,13760,212.0,2001,63059
815,082824,Tiana,349,188,4.0,2001,1955
816,252213,Tírvia,74,7,0.0,2001,51
817,252228,Tiurana,5,1,0.0,2001,7
818,431495,Tivenys,148,40,3.0,2001,327
819,431508,Tivissa,316,117,9.0,2001,636
820,082830,Tona,371,456,13.0,2001,2050
821,252234,Torà,78,100,0.0,2001,416
822,082845,Tordera,682,1248,1.0,2001,3813
823,082858,Torelló,139,792,20.0,2001,4299
824,252249,"Torms, els",26,17,1.0,2001,71
825,252252,Tornabous,78,20,1.0,2001,282
826,252271,"Torre de Cabdella, la",0,173,0.0,2001,274
827,082861,"Torre de Claramunt, la",125,79,23.0,2001,821
828,431515,"Torre de Fontaubella, la",29,7,0.0,2001,56
829,431520,"Torre de l'Espanyol, la",104,0,0.0,2001,237
830,252265,Torrebesses,56,36,1.0,2001,122
831,431536,Torredembarra,7635,319,96.0,2001,4178
832,252287,Torrefarrera,5,267,0.0,2001,652
833,259078,Torrefeta i Florejacs,25,1,10.0,2001,228
834,252304,Torregrossa,48,160,0.0,2001,739
835,252311,Torrelameu,14,33,0.0,2001,187
836,082877,Torrelavit,68,101,5.0,2001,377
837,082883,Torrelles de Foix,144,157,0.0,2001,665
838,082896,Torrelles de Llobregat,312,125,1.0,2001,1284
839,171978,Torrent,21,11,0.0,2001,60
840,252326,Torres de Segre,50,134,2.0,2001,638
841,252332,Torre-serona,3,12,0.0,2001,115
842,171984,Torroella de Fluvià,5,34,0.0,2001,148
843,171997,Torroella de Montgrí,5530,656,1943.0,2001,2963
844,431541,Torroja del Priorat,125,0,0.0,2001,60
845,172001,Tortellà,26,61,1.0,2001,280
846,431554,Tortosa,1421,3469,98.0,2001,10227
847,172018,Toses,120,13,0.0,2001,62
848,172023,Tossa de Mar,4441,296,24.0,2001,1773
849,252347,Tremp,1026,1232,16.0,2001,2023
850,172044,Ullà,52,38,0.0,2001,265
851,082900,Ullastrell,103,91,0.0,2001,405
852,172057,Ullastret,0,51,0.0,2001,80
853,431567,Ulldecona,291,809,2.0,2001,2027
854,431573,Ulldemolins,199,10,10.0,2001,201
855,172039,Ultramort,8,6,0.0,2001,70
856,172060,Urús,238,3,0.0,2001,71
857,082917,Vacarisses,1753,93,30.0,2001,1168
858,170144,"Vajol, la",16,12,1.0,2001,40
859,172076,"Vall d'en Bas, la",263,199,1.0,2001,884
860,172082,"Vall de Bianya, la",93,83,3.0,2001,420
861,250432,"Vall de Boí, la",356,69,1.0,2001,350
862,259010,Vall de Cardós,236,11,9.0,2001,144
863,082922,Vallbona d'Anoia,3,101,0.0,2001,360
864,252385,Vallbona de les Monges,170,9,1.0,2001,101
865,082938,Vallcebre,100,9,0.0,2001,95
866,431589,Vallclara,96,1,0.0,2001,49
867,252402,Vallfogona de Balaguer,19,25,1.0,2001,478
868,171707,Vallfogona de Ripollès,64,40,0.0,2001,80
869,431592,Vallfogona de Riucorb,135,0,0.0,2001,49
870,082943,Vallgorguina,491,3,0.0,2001,540
871,082956,Vallirana,1434,537,8.0,2001,3268
872,172095,Vall-llobrega,141,15,12.0,2001,179
873,431606,Vallmoll,61,273,0.0,2001,447
874,082969,Vallromanes,16,255,1.0,2001,572
875,431613,Valls,872,1772,11.0,2001,7044
876,259062,"Valls d'Aguilar, les",19,10,0.0,2001,124
877,252398,"Valls de Valira, les",87,64,19.0,2001,257
878,431628,Vandellòs i l'Hospitalet de l'Infant,1204,914,17.0,2001,1478
879,259097,"Vansa i Fórnols, la",0,42,0.0,2001,74
880,082975,Veciana,31,13,0.0,2001,49
881,431634,"Vendrell, el",15601,2246,56.0,2001,8847
882,172109,Ventalló,188,61,0.0,2001,248
883,252424,Verdú,206,6,4.0,2001,329
884,172116,Verges,37,64,28.0,2001,395
885,431649,Vespella de Gaià,169,1,0.0,2001,97
886,082981,Vic,1415,2483,56.0,2001,11456
887,172121,Vidrà,43,6,0.0,2001,53
888,172137,Vidreres,1020,190,4.0,2001,1799
889,252430,Vielha e Mijaran,1719,187,7.0,2001,1501
890,431652,Vilabella,54,60,0.0,2001,264
891,172142,Vilabertran,18,42,0.0,2001,281
892,172155,Vilablareix,9,51,1.0,2001,598
893,082994,Vilada,34,10,0.0,2001,193
894,172174,Viladamat,57,29,0.0,2001,143
895,172168,Viladasens,18,7,0.0,2001,60
896,083015,Viladecans,386,2718,67.0,2001,19366
897,083008,Viladecavalls,353,140,18.0,2001,1946
898,172180,Vilademuls,16,207,0.0,2001,226
899,172207,Viladrau,471,1,0.0,2001,311
900,172214,Vilafant,49,139,12.0,2001,1355
901,083054,Vilafranca del Penedès,870,2451,108.0,2001,11053
902,252445,Vilagrassa,23,38,0.0,2001,144
903,172235,Vilajuïga,26,66,4.0,2001,364
904,431750,Vilalba dels Arcs,107,32,2.0,2001,246
905,083067,Vilalba Sasserra,46,12,0.0,2001,184
906,252458,Vilaller,165,28,1.0,2001,224
907,172240,Vilallonga de Ter,232,29,6.0,2001,171
908,431665,Vilallonga del Camp,45,52,0.0,2001,429
909,172253,Vilamacolum,9,1,0.0,2001,91
910,172266,Vilamalla,49,61,2.0,2001,281
911,172272,Vilamaniscle,72,0,0.0,2001,54
912,252477,Vilamòs,34,9,0.0,2001,47
913,172288,Vilanant,35,14,3.0,2001,109
914,431671,Vilanova d'Escornalbou,59,28,0.0,2001,159
915,252483,Vilanova de Bellpuig,14,97,0.0,2001,378
916,252496,Vilanova de l'Aguda,33,28,0.0,2001,75
917,252542,Vilanova de la Barca,54,42,1.0,2001,315
918,252509,Vilanova de Meià,271,20,0.0,2001,164
919,431687,Vilanova de Prades,62,19,1.0,2001,51
920,083036,Vilanova de Sau,76,48,4.0,2001,124
921,252516,Vilanova de Segrià,1,65,0.0,2001,269
922,083020,Vilanova del Camí,1,981,0.0,2001,3393
923,089024,Vilanova del Vallès,357,179,1.0,2001,885
924,083073,Vilanova i la Geltrú,4920,3572,237.0,2001,20154
925,431690,Vilaplana,30,37,1.0,2001,196
926,431704,Vila-rodona,159,100,0.0,2001,400
927,172305,Vila-sacra,12,33,1.0,2001,140
928,252521,Vila-sana,2,34,0.0,2001,178
929,431711,Vila-seca,7837,1003,142.0,2001,4555
930,082140,Vilassar de Dalt,331,340,7.0,2001,2623
931,082191,Vilassar de Mar,2143,617,110.0,2001,6160
932,172229,Vilaür,30,7,0.0,2001,46
933,431726,Vilaverd,58,52,0.0,2001,154
934,431732,"Vilella Alta, la",44,22,0.0,2001,51
935,431747,"Vilella Baixa, la",111,25,1.0,2001,80
936,172333,Vilobí d'Onyar,100,159,0.0,2001,745
937,083041,Vilobí del Penedès,25,15,0.0,2001,290
938,172327,Vilopriu,78,2,0.0,2001,67
939,252537,"Vilosell, el",107,20,3.0,2001,89
940,431763,Vimbodí i Poblet,169,103,1.0,2001,382
941,252555,Vinaixa,40,64,0.0,2001,229
942,431779,Vinebre,1,111,0.0,2001,164
943,431785,Vinyols i els Arcs,625,49,0.0,2001,463
944,083089,Viver i Serrateix,4,46,0.0,2001,49
945,430521,Xerta,1,328,1.0,2001,438
0,250019,Abella de la Conca,28,0,,2011,62
1,080018,Abrera,503,269,,2011,4450
2,250024,Àger,0,0,,2011,259
3,250030,Agramunt,0,671,,2011,2040
4,080023,Aguilar de Segarra,0,0,,2011,163
5,170010,Agullana,146,0,,2011,324
6,080142,Aiguafreda,0,390,,2011,930
7,430017,Aiguamúrcia,380,119,,2011,355
8,170025,Aiguaviva,0,0,,2011,256
9,250387,Aitona,129,108,,2011,832
10,250045,"Alamús, els",0,130,,2011,281
11,250058,Alàs i Cerc,120,47,,2011,132
12,250061,"Albagés, l'",53,35,,2011,152
13,170031,Albanyà,37,13,,2011,49
14,250077,Albatàrrec,0,79,,2011,816
15,250083,Albesa,0,0,,2011,639
16,250096,"Albi, l'",97,80,,2011,313
17,430022,Albinyana,617,254,,2011,899
18,430038,"Albiol, l'",76,0,,2011,160
19,170046,Albons,156,35,,2011,273
20,430043,Alcanar,2099,1180,,2011,4084
21,250100,Alcanó,28,0,,2011,89
22,250117,Alcarràs,0,977,,2011,3318
23,250122,Alcoletge,222,0,,2011,1224
24,430056,Alcover,220,271,,2011,1988
25,439044,"Aldea, l'",111,151,,2011,1631
26,430069,Aldover,123,64,,2011,342
27,430075,"Aleixar, l'",231,54,,2011,352
28,080039,Alella,178,370,,2011,3324
29,430081,Alfara de Carles,43,30,,2011,161
30,250138,Alfarràs,0,154,,2011,1205
31,250143,Alfés,41,31,,2011,124
32,430094,Alforja,309,135,,2011,707
33,250156,Algerri,48,62,,2011,175
34,250169,Alguaire,0,266,,2011,1106
35,250175,Alins,122,62,,2011,117
36,430108,Alió,42,41,,2011,150
37,250194,Almacelles,171,497,,2011,2432
38,250208,Almatret,112,64,,2011,152
39,250215,Almenar,0,548,,2011,1284
40,430115,Almoster,0,126,,2011,480
41,250220,Alòs de Balaguer,65,32,,2011,64
42,170062,Alp,2620,220,,2011,768
43,080044,Alpens,117,0,,2011,122
44,250236,Alpicat,199,272,,2011,2129
45,250241,Alt Àneu,461,58,,2011,199
46,430120,Altafulla,2131,593,,2011,1861
47,170078,Amer,181,197,,2011,949
48,430136,"Ametlla de Mar, l'",3729,1266,,2011,2979
49,080057,"Ametlla del Vallès, l'",452,208,,2011,2726
50,439060,"Ampolla, l'",1103,1106,,2011,1422
51,430141,Amposta,328,2381,,2011,8170
52,170084,Anglès,0,313,,2011,2152
53,250273,Anglesola,110,120,,2011,538
54,250292,Arbeca,150,233,,2011,956
55,430167,"Arboç, l'",0,388,,2011,1991
56,430154,Arbolí,61,0,,2011,49
57,170097,Arbúcies,260,476,,2011,2503
58,080060,Arenys de Mar,1128,1352,,2011,5995
59,080076,Arenys de Munt,242,898,,2011,3192
60,170101,Argelaguer,47,33,,2011,173
61,080082,Argençola,63,0,,2011,93
62,430173,"Argentera, l'",42,26,,2011,64
63,080095,Argentona,549,760,,2011,4102
64,170118,"Armentera, l'",284,119,,2011,351
65,430189,Arnes,106,163,,2011,201
66,250313,Arres,16,0,,2011,37
67,250328,Arsèguel,62,25,,2011,41
68,080109,Artés,0,497,,2011,2093
69,250334,Artesa de Lleida,0,0,,2011,547
70,250349,Artesa de Segre,572,613,,2011,1418
71,430192,Ascó,0,270,,2011,613
72,250365,Aspa,74,0,,2011,89
73,250371,"Avellanes i Santa Linya, les",176,0,,2011,195
74,080116,Avià,0,247,,2011,862
75,080121,Avinyó,0,210,,2011,873
76,170123,Avinyonet de Puigventós,0,0,,2011,483
77,080137,Avinyonet del Penedès,192,98,,2011,648
78,080155,Badalona,2199,8881,,2011,81793
79,089045,Badia del Vallès,0,0,,2011,5277
80,080168,Bagà,552,222,,2011,988
81,250390,Baix Pallars,181,37,,2011,151
82,250404,Balaguer,371,1586,,2011,6304
83,080174,Balenyà,0,191,,2011,1392
84,080180,Balsareny,0,333,,2011,1374
85,430206,Banyeres del Penedès,298,174,,2011,1128
86,170157,Banyoles,362,2231,,2011,7003
87,250411,Barbens,0,56,,2011,298
88,430213,Barberà de la Conca,199,48,,2011,221
89,082520,Barberà del Vallès,0,906,,2011,12147
90,080193,Barcelona,38769,88259,,2011,684078
91,250426,"Baronia de Rialb, la",58,21,,2011,95
92,170160,Bàscara,83,64,,2011,362
93,250447,Bassella,5,11,,2011,91
94,430228,Batea,158,237,,2011,765
95,250450,Bausen,17,9,,2011,37
96,080207,Begues,382,261,,2011,2263
97,170139,Begur,3327,218,,2011,1680
98,250463,Belianes,168,0,,2011,240
99,251706,Bellaguarda,76,0,,2011,137
100,170182,Bellcaire d'Empordà,175,0,,2011,274
101,250479,Bellcaire d'Urgell,0,121,,2011,549
102,250485,Bell-lloc d'Urgell,0,71,,2011,873
103,250498,Bellmunt d'Urgell,34,40,,2011,68
104,430234,Bellmunt del Priorat,99,111,,2011,142
105,080214,Bellprat,36,0,,2011,36
106,250501,Bellpuig,0,514,,2011,1760
107,430249,Bellvei,394,0,,2011,813
108,250518,Bellver de Cerdanya,1116,437,,2011,1047
109,250523,Bellvís,0,45,,2011,958
110,250539,Benavent de Segrià,0,76,,2011,512
111,430252,Benifallet,125,95,,2011,272
112,430265,Benissanet,48,65,,2011,463
113,080229,Berga,551,1531,,2011,7038
114,170195,Besalú,0,206,,2011,967
115,170209,Bescanó,0,196,,2011,1652
116,170216,Beuda,14,10,,2011,58
117,080235,Bigues i Riells del Fai,1026,147,,2011,3218
118,250557,Biosca,0,44,,2011,89
119,170221,"Bisbal d'Empordà, la",315,661,,2011,4129
120,430271,"Bisbal de Falset, la",41,49,,2011,89
121,430287,"Bisbal del Penedès, la",1120,466,,2011,1259
122,172348,Biure,36,0,,2011,102
123,430290,Blancafort,94,70,,2011,170
124,170237,Blanes,7062,2238,,2011,15957
125,170293,Boadella i les Escaules,54,0,,2011,102
126,170242,Bolvir,578,28,,2011,166
127,430304,Bonastre,232,56,,2011,264
128,250576,"Bòrdes, Es",141,25,,2011,114
129,170255,Bordils,0,87,,2011,622
130,250582,"Borges Blanques, les",0,1129,,2011,2370
131,430311,"Borges del Camp, les",161,97,,2011,759
132,170268,Borrassà,0,32,,2011,260
133,080240,Borredà,92,141,,2011,223
134,250595,Bossòst,223,139,,2011,413
135,430326,Bot,73,146,,2011,251
136,430332,Botarell,52,0,,2011,409
137,250560,Bovera,53,63,,2011,125
138,430347,Bràfim,67,60,,2011,275
139,170274,Breda,200,0,,2011,1461
140,080253,"Bruc, el",0,311,,2011,729
141,080266,"Brull, el",0,0,,2011,76
142,170280,Brunyola i Sant Martí Sapresa,50,0,,2011,129
143,430350,Cabacés,66,42,,2011,128
144,250609,Cabanabona,0,42,,2011,26
145,170314,Cabanelles,28,21,,2011,104
146,170307,Cabanes,0,0,,2011,346
147,080272,"Cabanyes, les",0,0,,2011,308
148,250616,Cabó,50,15,,2011,38
149,430363,Cabra del Camp,432,128,,2011,413
150,080288,Cabrera d'Anoia,566,0,,2011,526
151,080291,Cabrera de Mar,441,0,,2011,1606
152,080305,Cabrils,371,293,,2011,2423
153,170329,Cadaqués,2131,0,,2011,1131
154,080312,Calaf,0,300,,2011,1431
155,430379,Calafell,13635,3254,,2011,10092
156,080348,Calders,209,0,,2011,350
157,080327,Caldes d'Estrac,485,229,,2011,1226
158,170335,Caldes de Malavella,637,287,,2011,2619
159,080333,Caldes de Montbui,563,367,,2011,6507
160,080351,Calella,1559,1537,,2011,7519
161,080370,Calldetenes,0,0,,2011,917
162,080386,Callús,0,138,,2011,740
163,080364,Calonge de Segarra,71,0,,2011,56
164,170340,Calonge i Sant Antoni,6475,2069,,2011,4167
165,250621,Camarasa,308,30,,2011,397
166,439039,Camarles,151,316,,2011,1245
167,430385,Cambrils,13030,5098,,2011,12622
168,170353,Camós,0,0,,2011,228
169,170366,Campdevànol,197,172,,2011,1393
170,170372,Campelles,101,0,,2011,57
171,080399,Campins,67,0,,2011,195
172,170388,Campllong,0,0,,2011,165
173,170391,Camprodon,1160,556,,2011,1083
174,250637,Canejan,17,11,,2011,54
175,170405,Canet d'Adri,69,0,,2011,246
176,080403,Canet de Mar,1307,800,,2011,5613
177,439076,"Canonja, la",0,29,,2011,2283
178,080410,Canovelles,0,568,,2011,5584
179,080425,Cànoves i Samalús,0,0,,2011,1042
180,170412,Cantallops,61,0,,2011,134
181,080431,Canyelles,781,85,,2011,1528
182,430398,Capafonts,78,17,,2011,67
183,430402,Capçanes,48,68,,2011,170
184,080446,Capellades,130,331,,2011,2123
185,170427,Capmany,0,0,,2011,279
186,080459,Capolat,4,0,,2011,40
187,080462,Cardedeu,0,752,,2011,6490
188,080478,Cardona,0,553,,2011,1963
189,080484,Carme,0,83,,2011,342
190,430419,Caseres,86,0,,2011,110
191,170448,Cassà de la Selva,234,580,,2011,3828
192,080497,Casserres,162,273,,2011,609
193,080575,Castell de l'Areny,8,4,,2011,42
194,259046,Castell de Mur,44,19,,2011,86
195,250642,Castellar de la Ribera,0,9,,2011,42
196,080522,Castellar de n'Hug,147,24,,2011,84
197,080500,Castellar del Riu,4,4,,2011,78
198,080517,Castellar del Vallès,505,1190,,2011,8261
199,080538,Castellbell i el Vilar,491,271,,2011,1339
200,080543,Castellbisbal,823,0,,2011,4254
201,080556,Castellcir,48,0,,2011,226
202,250674,Castelldans,76,53,,2011,398
203,080569,Castelldefels,4523,4294,,2011,23397
204,080581,Castellet i la Gornal,366,0,,2011,857
205,170464,Castellfollit de la Roca,0,118,,2011,433
206,080608,Castellfollit de Riubregós,30,41,,2011,82
207,080594,Castellfollit del Boix,99,20,,2011,168
208,080615,Castellgalí,226,112,,2011,735
209,080620,Castellnou de Bages,88,0,,2011,419
210,250680,Castellnou de Seana,0,47,,2011,280
211,170470,Castelló d'Empúries,11045,844,,2011,4523
212,250693,Castelló de Farfanya,132,79,,2011,217
213,080636,Castellolí,0,62,,2011,219
214,170486,Castell-Platja d'Aro,10038,659,,2011,4542
215,250707,Castellserà,0,70,,2011,448
216,080641,Castellterçol,557,121,,2011,937
217,430424,Castellvell del Camp,253,112,,2011,954
218,080654,Castellví de la Marca,0,0,,2011,586
219,080667,Castellví de Rosanes,167,0,,2011,579
220,430430,"Catllar, el",796,106,,2011,1531
221,250714,Cava,68,23,,2011,37
222,171899,"Cellera de Ter, la",0,106,,2011,779
223,170499,Celrà,0,217,,2011,1791
224,080673,Centelles,0,239,,2011,2960
225,082687,Cercs,270,337,,2011,585
226,082665,Cerdanyola del Vallès,435,3549,,2011,21316
227,080689,Cervelló,553,314,,2011,3117
228,250729,Cervera,158,872,,2011,3560
229,250735,Cervià de les Garrigues,271,87,,2011,314
230,170502,Cervià de Ter,31,0,,2011,324
231,170519,Cistella,16,0,,2011,101
232,250740,Ciutadilla,97,0,,2011,84
233,250753,Clariana de Cardener,0,23,,2011,41
234,250766,"Cogul, el",18,49,,2011,70
235,170545,Colera,778,55,,2011,223
236,250772,Coll de Nargó,289,68,,2011,241
237,080692,Collbató,593,0,,2011,1469
238,430458,Colldejou,36,0,,2011,70
239,080706,Collsuspina,44,0,,2011,123
240,170558,Colomers,32,0,,2011,88
241,251636,"Coma i la Pedra, la",559,51,,2011,117
242,251615,Conca de Dalt,252,13,,2011,191
243,430461,Conesa,103,15,,2011,62
244,430477,Constantí,0,154,,2011,2502
245,080713,Copons,40,0,,2011,124
246,430483,Corbera d'Ebre,45,120,,2011,414
247,080728,Corbera de Llobregat,1215,440,,2011,5067
248,250788,Corbins,0,65,,2011,507
249,170577,Corçà,157,0,,2011,516
250,080734,Cornellà de Llobregat,550,2688,,2011,33424
251,170561,Cornellà del Terri,0,0,,2011,747
252,430496,Cornudella de Montsant,306,81,,2011,452
253,430509,Creixell,2249,366,,2011,1409
254,170583,Crespià,0,18,,2011,96
255,179011,"Cruïlles, Monells i Sant Sadurní de l'Heura",126,30,,2011,476
256,080749,Cubelles,3076,1721,,2011,5803
257,250791,Cubells,85,68,,2011,147
258,430516,Cunit,7587,416,,2011,5010
259,170600,Darnius,144,31,,2011,233
260,170617,Das,295,0,,2011,92
261,439018,Deltebre,440,1549,,2011,4270
262,080752,Dosrius,196,105,,2011,1954
263,430537,Duesaigües,41,36,,2011,111
264,170622,"Escala, l'",9929,993,,2011,4072
265,080765,Esparreguera,834,1160,,2011,8495
266,170638,Espinelves,20,0,,2011,92
267,250812,"Espluga Calba, l'",123,86,,2011,172
268,430542,"Espluga de Francolí, l'",308,526,,2011,1493
269,080771,Esplugues de Llobregat,625,1299,,2011,17529
270,170643,Espolla,62,43,,2011,172
271,170656,Esponellà,17,0,,2011,146
272,250827,Espot,299,26,,2011,149
273,080787,"Espunyola, l'",24,17,,2011,75
274,082541,"Esquirol, l'",264,80,,2011,824
275,250886,Estamariu,19,8,,2011,39
276,080790,"Estany, l'",75,93,,2011,151
277,250851,Estaràs,29,14,,2011,68
278,250864,Esterri d'Àneu,546,190,,2011,382
279,250870,Esterri de Cardós,24,0,,2011,29
280,430555,Falset,459,263,,2011,1074
281,170059,"Far d'Empordà, el",0,0,,2011,196
282,250899,Farrera,22,10,,2011,56
283,430568,"Fatarella, la",94,99,,2011,438
284,430574,"Febró, la",18,0,,2011,31
285,081347,Figaró-Montmany,59,101,,2011,375
286,080804,Fígols,10,0,,2011,14
287,259084,Fígols i Alinyà,155,20,,2011,107
288,430580,"Figuera, la",117,19,,2011,54
289,170669,Figueres,769,2575,,2011,17597
290,430593,Figuerola del Camp,76,0,,2011,117
291,170675,Flaçà,0,70,,2011,412
292,430607,Flix,162,575,,2011,1611
293,250925,"Floresta, la",61,30,,2011,67
294,080826,Fogars de la Selva,213,0,,2011,550
295,080811,Fogars de Montclús,59,25,,2011,160
296,170681,Foixà,101,0,,2011,116
297,080832,Folgueroles,0,0,,2011,781
298,250931,Fondarella,0,0,,2011,296
299,080847,Fonollosa,0,245,,2011,513
300,170694,Fontanals de Cerdanya,884,0,,2011,236
301,170708,Fontanilles,0,42,,2011,62
302,170715,Fontcoberta,0,0,,2011,476
303,080850,Font-rubí,93,60,,2011,521
304,250946,Foradada,57,19,,2011,80
305,179026,Forallac,243,126,,2011,626
306,430614,Forès,49,0,,2011,32
307,170736,Fornells de la Selva,0,0,,2011,828
308,170741,Fortià,49,56,,2011,237
309,080863,"Franqueses del Vallès, les",0,375,,2011,7240
310,430629,Freginals,40,27,,2011,166
311,250962,"Fuliola, la",0,137,,2011,470
312,250978,Fulleda,22,41,,2011,46
313,080902,Gaià,29,41,,2011,60
314,430635,"Galera, la",64,66,,2011,322
315,080879,Gallifa,40,0,,2011,75
316,430640,Gandesa,162,161,,2011,1153
317,430653,Garcia,0,161,,2011,237
318,430666,"Garidells, els",25,20,,2011,70
319,080885,"Garriga, la",0,747,,2011,6052
320,170754,Garrigàs,64,41,,2011,150
321,170767,Garrigoles,43,0,,2011,65
322,170773,Garriguella,91,0,,2011,352
323,080898,Gavà,2028,1725,,2011,17675
324,250984,Gavet de la Conca,136,0,,2011,123
325,080919,Gelida,393,687,,2011,2825
326,170789,Ger,335,37,,2011,209
327,259123,Gimenells i el Pla de la Font,25,38,,2011,430
328,430672,Ginestar,65,82,,2011,346
329,170792,Girona,2474,6727,,2011,38245
330,080924,Gironella,208,527,,2011,2110
331,080930,Gisclareny,16,10,,2011,11
332,430688,Godall,136,119,,2011,287
333,250997,Golmés,0,111,,2011,638
334,170806,Gombrèn,82,27,,2011,83
335,251001,Gósol,245,42,,2011,97
336,080945,"Granada, la",0,94,,2011,816
337,251018,"Granadella, la",88,138,,2011,298
338,080958,Granera,49,0,,2011,42
339,251023,"Granja d'Escarp, la",61,113,,2011,380
340,080961,Granollers,685,2609,,2011,22831
341,251039,Granyanella,15,5,,2011,74
342,251057,Granyena de les Garrigues,37,33,,2011,78
343,251044,Granyena de Segarra,41,18,,2011,54
344,430691,Gratallops,61,64,,2011,110
345,080977,Gualba,116,140,,2011,534
346,170813,Gualta,37,29,,2011,153
347,080996,Guardiola de Berguedà,161,199,,2011,458
348,430705,"Guiamets, els",0,16,,2011,117
349,170828,Guils de Cerdanya,545,0,,2011,223
350,251095,Guimerà,231,54,,2011,137
351,259031,"Guingueta d'Àneu, la",246,29,,2011,179
352,251109,Guissona,0,239,,2011,2216
353,251116,Guixers,69,31,,2011,44
354,081000,Gurb,0,0,,2011,757
355,430712,Horta de Sant Joan,0,0,,2011,444
356,081017,"Hospitalet de Llobregat, l'",1429,8605,,2011,102031
357,081629,"Hostalets de Pierola, els",142,258,,2011,1092
358,170834,Hostalric,0,462,,2011,1612
359,081022,Igualada,546,3802,,2011,15688
360,251155,Isona i Conca Dellà,449,97,,2011,440
361,170849,Isòvol,271,0,,2011,148
362,251137,Ivars d'Urgell,0,138,,2011,616
363,251121,Ivars de Noguera,31,0,,2011,124
364,251142,Ivorra,16,7,,2011,50
365,170852,Jafre,0,0,,2011,167
366,170865,"Jonquera, la",0,77,,2011,1222
367,081038,Jorba,69,53,,2011,308
368,259101,Josa i Tuixén,141,33,,2011,65
369,170871,Juià,11,0,,2011,125
370,251180,Juncosa,83,59,,2011,179
371,251193,Juneda,63,442,,2011,1226
372,251214,Les,94,43,,2011,417
373,251229,Linyola,0,267,,2011,1052
374,081043,"Llacuna, la",244,107,,2011,375
375,170887,Lladó,0,80,,2011,288
376,251235,Lladorre,72,21,,2011,99
377,251240,Lladurs,49,25,,2011,63
378,081056,"Llagosta, la",0,424,,2011,5222
379,170890,Llagostera,845,503,,2011,3104
380,170904,Llambilles,0,0,,2011,225
381,170911,Llanars,527,93,,2011,228
382,170926,Llançà,6594,267,,2011,2063
383,251253,Llardecans,60,52,,2011,234
384,251266,Llavorsí,138,0,,2011,171
385,251207,Lleida,3167,7456,,2011,55792
386,170932,Llers,0,0,,2011,420
387,251272,Lles de Cerdanya,179,56,,2011,123
388,081075,Lliçà d'Amunt,1311,350,,2011,4935
389,081081,Lliçà de Vall,367,166,,2011,2166
390,251288,Llimiana,37,4,,2011,92
391,081069,Llinars del Vallès,308,670,,2011,3374
392,170947,Llívia,1553,345,,2011,700
393,430727,"Lloar, el",61,11,,2011,42
394,251291,Llobera,16,0,,2011,62
395,430733,Llorac,37,12,,2011,52
396,430748,Llorenç del Penedès,162,0,,2011,830
397,170950,Lloret de Mar,4200,3789,,2011,15541
398,170963,"Llosses, les",64,0,,2011,97
399,081094,Lluçà,117,0,,2011,94
400,171024,Maçanet de Cabrenys,298,0,,2011,297
401,171030,Maçanet de la Selva,737,467,,2011,2660
402,170979,Madremanya,40,0,,2011,99
403,170985,Maià de Montcal,47,22,,2011,185
404,251333,Maials,104,138,,2011,380
405,251305,Maldà,24,125,,2011,97
406,081108,Malgrat de Mar,2106,1109,,2011,6969
407,081115,Malla,0,0,,2011,81
408,081120,Manlleu,314,1103,,2011,7353
409,081136,Manresa,1099,9434,,2011,29072
410,430764,Marçà,159,81,,2011,267
411,430751,Margalef,73,13,,2011,49
412,082423,Marganell,82,0,,2011,103
413,081141,Martorell,0,600,,2011,9987
414,081154,Martorelles,0,265,,2011,1854
415,430770,Mas de Barberans,0,145,,2011,256
416,171002,Masarac,24,0,,2011,106
417,430786,Masdenverge,0,75,,2011,427
418,081167,"Masies de Roda, les",0,0,,2011,275
419,081173,"Masies de Voltregà, les",0,0,,2011,1138
420,430799,Masllorenç,176,0,,2011,219
421,081189,"Masnou, el",908,621,,2011,8837
422,430803,"Masó, la",27,27,,2011,106
423,430810,Maspujols,119,0,,2011,302
424,081192,Masquefa,0,1153,,2011,3133
425,430825,"Masroig, el",107,71,,2011,205
426,251312,Massalcoreig,38,37,,2011,214
427,171019,Massanes,127,53,,2011,266
428,251327,Massoteres,30,34,,2011,69
429,081206,Matadepera,317,220,,2011,2796
430,081213,Mataró,1272,5957,,2011,47081
431,081228,Mediona,862,187,,2011,886
432,251348,Menàrguens,59,100,,2011,369
433,170998,Meranges,40,8,,2011,40
434,171058,Mieres,71,0,,2011,133
435,430831,"Milà, el",20,19,,2011,60
436,251351,Miralcamp,0,47,,2011,525
437,430846,Miravet,127,69,,2011,296
438,081385,Moià,513,795,,2011,2144
439,430859,"Molar, el",44,69,,2011,125
440,081234,Molins de Rei,0,1129,,2011,9672
441,251370,Mollerussa,0,1184,,2011,5352
442,171061,Mollet de Peralada,44,0,,2011,73
443,081249,Mollet del Vallès,306,2829,,2011,19307
444,171077,Molló,241,59,,2011,153
445,251364,"Molsosa, la",9,0,,2011,33
446,081287,Monistrol de Calders,223,44,,2011,250
447,081271,Monistrol de Montserrat,0,253,,2011,1278
448,171096,Montagut i Oix,62,51,,2011,348
449,430862,Montblanc,381,610,,2011,3012
450,430884,Montbrió del Camp,95,317,,2011,966
451,081252,Montcada i Reixac,366,2537,,2011,13007
452,081304,Montclar,25,0,,2011,37
453,251399,Montellà i Martinet,253,94,,2011,304
454,081311,Montesquiu,87,129,,2011,370
455,251403,Montferrer i Castellbò,222,315,,2011,429
456,430897,Montferri,131,0,,2011,154
457,251386,Montgai,80,53,,2011,264
458,081265,Montgat,0,0,,2011,4351
459,081326,Montmajor,41,48,,2011,161
460,081332,Montmaneu,23,0,,2011,76
461,430901,"Montmell, el",694,231,,2011,615
462,081350,Montmeló,0,0,,2011,3252
463,251425,Montoliu de Lleida,60,0,,2011,198
464,251410,Montoliu de Segarra,59,16,,2011,98
465,251431,Montornès de Segarra,22,0,,2011,33
466,081363,Montornès del Vallès,0,556,,2011,5895
467,430918,Mont-ral,79,19,,2011,75
468,171100,Mont-ras,57,0,,2011,634
469,430923,Mont-roig del Camp,5103,3713,,2011,5241
470,081379,Montseny,90,62,,2011,109
471,430939,Móra d'Ebre,253,907,,2011,2051
472,430944,Móra la Nova,0,165,,2011,1276
473,430957,"Morell, el",0,0,,2011,1377
474,430960,"Morera de Montsant, la",32,60,,2011,70
475,081290,Muntanyola,95,0,,2011,203
476,081398,Mura,130,0,,2011,99
477,251459,Nalec,74,0,,2011,39
478,250254,Naut Aran,2590,401,,2011,743
479,081402,Navarcles,0,532,,2011,2362
480,081419,Navàs,0,774,,2011,2371
481,171117,Navata,215,41,,2011,497
482,251462,Navès,75,44,,2011,95
483,081424,"Nou de Berguedà, la",48,12,,2011,46
484,430976,"Nou de Gaià, la",0,0,,2011,226
485,430982,Nulles,89,56,,2011,177
486,251484,Odèn,32,11,,2011,78
487,081430,Òdena,82,256,,2011,1292
488,171122,Ogassa,143,55,,2011,92
489,081458,Olèrdola,280,121,,2011,1300
490,081461,Olesa de Bonesvalls,229,0,,2011,646
491,081477,Olesa de Montserrat,283,936,,2011,9093
492,251497,Oliana,0,446,,2011,712
493,251500,Oliola,35,0,,2011,89
494,251517,Olius,120,0,,2011,324
495,081483,Olivella,426,0,,2011,1445
496,081496,Olost,79,81,,2011,445
497,171143,Olot,829,3118,,2011,12810
498,251522,"Oluges, les",51,9,,2011,79
499,081445,Olvan,60,55,,2011,390
500,251538,"Omellons, els",0,31,,2011,104
501,251543,"Omells de na Gaia, els",121,0,,2011,60
502,171156,Ordis,0,0,,2011,147
503,251556,Organyà,216,155,,2011,378
504,081509,Orís,0,0,,2011,111
505,081516,Oristà,0,0,,2011,195
506,081521,Orpí,27,17,,2011,62
507,081537,Òrrius,78,0,,2011,253
508,251569,Os de Balaguer,206,116,,2011,353
509,171169,Osor,90,44,,2011,199
510,251575,Ossó de Sió,74,48,,2011,88
511,081542,Pacs del Penedès,0,0,,2011,276
512,081555,Palafolls,315,485,,2011,3438
513,171175,Palafrugell,7179,1527,,2011,8349
514,171181,Palamós,3841,795,,2011,7358
515,251581,"Palau d'Anglesola, el",0,60,,2011,801
516,171194,Palau de Santa Eulàlia,24,0,,2011,44
517,171215,Palau-sator,106,22,,2011,98
518,171208,Palau-saverdera,194,0,,2011,576
519,081568,Palau-solità i Plegamans,0,521,,2011,4897
520,431009,"Pallaresos, els",0,0,,2011,1516
521,081574,Pallejà,332,315,,2011,4147
522,430995,"Palma d'Ebre, la",88,45,,2011,174
523,089058,"Palma de Cervelló, la",0,0,,2011,1087
524,171236,Palol de Revardit,0,0,,2011,169
525,171241,Pals,2632,383,,2011,1043
526,081580,"Papiol, el",0,203,,2011,1470
527,171254,Pardines,131,13,,2011,59
528,081593,Parets del Vallès,0,417,,2011,6888
529,171267,Parlavà,66,0,,2011,160
530,431016,Passanant i Belltall,117,43,,2011,93
531,171289,Pau,60,0,,2011,207
532,431021,Paüls,0,0,,2011,214
533,171292,Pedret i Marzà,0,0,,2011,64
534,251641,Penelles,19,0,,2011,192
535,171306,"Pera, la",68,0,,2011,167
536,081607,Perafita,76,0,,2011,159
537,431037,Perafort,0,28,,2011,473
538,171328,Peralada,0,19,,2011,685
539,251654,Peramola,0,0,,2011,159
540,431042,"Perelló, el",0,376,,2011,1271
541,081614,Piera,3187,1569,,2011,5368
542,431055,"Piles, les",85,0,,2011,90
543,081635,Pineda de Mar,4541,1424,,2011,10390
544,431068,"Pinell de Brai, el",94,98,,2011,400
545,251667,Pinell de Solsonès,0,0,,2011,80
546,251673,Pinós,27,15,,2011,91
547,431074,Pira,99,0,,2011,182
548,431080,"Pla de Santa Maria, el",260,168,,2011,928
549,081640,"Pla del Penedès, el",77,204,,2011,472
550,171334,"Planes d'Hostoles, les",103,149,,2011,679
551,171349,Planoles,441,43,,2011,125
552,259118,"Plans de Sió, els",67,26,,2011,237
553,251689,"Poal, el",0,0,,2011,239
554,251692,"Pobla de Cérvoles, la",164,0,,2011,104
555,081653,"Pobla de Claramunt, la",0,278,,2011,816
556,081666,"Pobla de Lillet, la",305,266,,2011,529
557,431093,"Pobla de Mafumet, la",0,195,,2011,1050
558,431107,"Pobla de Massaluca, la",64,43,,2011,153
559,431114,"Pobla de Montornès, la",290,162,,2011,1184
560,251713,"Pobla de Segur, la",522,278,,2011,1387
561,431129,Poboleda,237,0,,2011,158
562,081672,Polinyà,0,0,,2011,3002
563,431135,"Pont d'Armentera, el",99,77,,2011,254
564,250306,"Pont de Bar, el",107,30,,2011,77
565,171352,Pont de Molins,0,0,,2011,220
566,251734,"Pont de Suert, el",375,292,,2011,1056
567,081825,"Pont de Vilomara i Rocafort, el",269,249,,2011,1381
568,431418,Pontils,114,14,,2011,58
569,081688,Pontons,150,186,,2011,206
570,171365,Pontós,31,0,,2011,100
571,251728,Ponts,0,642,,2011,1055
572,171371,Porqueres,0,0,,2011,1561
573,431140,Porrera,53,75,,2011,190
574,171404,"Port de la Selva, el",1441,190,,2011,461
575,171387,Portbou,320,205,,2011,594
576,251749,"Portella, la",18,0,,2011,279
577,431153,Pradell de la Teixeta,44,26,,2011,85
578,431166,Prades,446,76,,2011,287
579,431172,Prat de Comte,76,35,,2011,71
580,081691,"Prat de Llobregat, el",531,2297,,2011,24253
581,431188,Pratdip,265,97,,2011,333
582,081712,Prats de Lluçanès,173,227,,2011,972
583,081705,"Prats de Rei, els",76,76,,2011,194
584,251752,Prats i Sansor,409,0,,2011,88
585,251765,Preixana,0,81,,2011,144
586,251771,Preixens,38,61,,2011,190
587,082303,Premià de Dalt,0,203,,2011,3755
588,081727,Premià de Mar,1132,1065,,2011,10891
589,171390,"Preses, les",0,0,,2011,671
590,251790,Prullans,146,31,,2011,96
591,171411,Puigcerdà,1803,859,,2011,3296
592,081748,Puigdàlber,0,0,,2011,199
593,251804,Puiggròs,12,12,,2011,123
594,431191,Puigpelat,110,78,,2011,381
595,081751,Puig-reig,0,639,,2011,1678
596,251811,Puigverd d'Agramunt,0,27,,2011,103
597,251826,Puigverd de Lleida,146,109,,2011,500
598,081764,Pujalt,52,0,,2011,70
599,081770,"Quar, la",7,0,,2011,19
600,171426,Quart,0,78,,2011,1197
601,170433,Queralbs,243,19,,2011,94
602,431205,Querol,435,89,,2011,238
603,171432,Rabós,0,0,,2011,81
604,081786,Rajadell,18,22,,2011,219
605,431212,Rasquera,154,85,,2011,344
606,171447,Regencós,45,0,,2011,113
607,081799,Rellinars,252,0,,2011,292
608,431227,Renau,17,0,,2011,54
609,431233,Reus,2793,6488,,2011,40586
610,251832,Rialp,165,81,,2011,312
611,431248,"Riba, la",0,154,,2011,295
612,431251,Riba-roja d'Ebre,108,256,,2011,499
613,259059,Ribera d'Ondara,74,35,,2011,170
614,251850,Ribera d'Urgellet,169,80,,2011,408
615,171450,Ribes de Freser,572,241,,2011,795
616,171463,Riells i Viabrea,672,176,,2011,1458
617,431264,"Riera de Gaià, la",0,146,,2011,700
618,251863,Riner,32,13,,2011,98
619,171479,Ripoll,221,1223,,2011,4479
620,081803,Ripollet,0,930,,2011,14033
621,259139,Riu de Cerdanya,93,0,,2011,57
622,171485,Riudarenes,341,103,,2011,767
623,171498,Riudaura,0,85,,2011,169
624,431270,Riudecanyes,92,116,,2011,467
625,431286,Riudecols,62,94,,2011,512
626,171501,Riudellots de la Selva,0,0,,2011,696
627,431299,Riudoms,193,313,,2011,2383
628,171518,Riumors,24,40,,2011,100
629,081810,"Roca del Vallès, la",0,442,,2011,3622
630,431303,Rocafort de Queralt,90,48,,2011,109
631,431310,Roda de Berà,5100,909,,2011,2482
632,081831,Roda de Ter,0,238,,2011,2266
633,431325,Rodonyà,183,0,,2011,190
634,431331,Roquetes,226,336,,2011,3050
635,171523,Roses,15363,2500,,2011,7849
636,251898,Rosselló,0,203,,2011,1211
637,431346,"Rourell, el",28,39,,2011,145
638,081846,Rubí,1751,3174,,2011,28114
639,081859,Rubió,31,0,,2011,70
640,171539,Rupià,64,21,,2011,92
641,089019,Rupit i Pruit,111,0,,2011,133
642,081878,Sabadell,1423,10184,,2011,81596
643,081884,Sagàs,28,10,,2011,46
644,251902,Salàs de Pallars,258,0,,2011,166
645,081901,Saldes,198,36,,2011,115
646,171544,Sales de Llierca,15,0,,2011,46
647,081918,Sallent,280,843,,2011,2718
648,431359,Salomó,50,58,,2011,200
649,439057,Salou,17454,3019,,2011,10793
650,171557,Salt,134,827,,2011,10276
651,251919,Sanaüja,65,64,,2011,178
652,081944,Sant Adrià de Besòs,0,1562,,2011,13034
653,081957,Sant Agustí de Lluçanès,39,0,,2011,32
654,081960,Sant Andreu de la Barca,0,238,,2011,9977
655,081976,Sant Andreu de Llavaneres,1148,863,,2011,3785
656,171576,Sant Andreu Salou,0,0,,2011,49
657,171833,Sant Aniol de Finestres,50,40,,2011,125
658,081982,Sant Antoni de Vilamajor,0,475,,2011,2084
659,081995,Sant Bartomeu del Grau,0,0,,2011,329
660,082009,Sant Boi de Llobregat,631,3295,,2011,30582
661,082016,Sant Boi de Lluçanès,72,61,,2011,191
662,431362,Sant Carles de la Ràpita,2664,1634,,2011,5857
663,082037,Sant Cebrià de Vallalta,382,350,,2011,1296
664,082021,Sant Celoni,0,652,,2011,6474
665,082042,Sant Climent de Llobregat,0,233,,2011,1364
666,171582,Sant Climent Sescebes,0,0,,2011,202
667,082055,Sant Cugat del Vallès,1431,2264,,2011,29641
668,082068,Sant Cugat Sesgarrigues,0,0,,2011,351
669,251961,Sant Esteve de la Sarga,128,0,,2011,56
670,082074,Sant Esteve de Palautordera,162,291,,2011,939
671,082080,Sant Esteve Sesrovires,864,0,,2011,2232
672,171595,Sant Feliu de Buixalleu,221,70,,2011,273
673,082107,Sant Feliu de Codines,0,521,,2011,2533
674,171609,Sant Feliu de Guíxols,5320,1667,,2011,8383
675,082114,Sant Feliu de Llobregat,0,1780,,2011,16329
676,171616,Sant Feliu de Pallerols,205,142,,2011,515
677,082129,Sant Feliu Sasserra,62,64,,2011,255
678,171621,Sant Ferriol,13,0,,2011,82
679,082093,Sant Fost de Campsentelles,181,195,,2011,2926
680,082135,Sant Fruitós de Bages,0,824,,2011,3088
681,171637,Sant Gregori,75,167,,2011,1100
682,251924,Sant Guim de Freixenet,133,144,,2011,485
683,251977,Sant Guim de la Plana,27,19,,2011,70
684,171642,Sant Hilari Sacalm,352,436,,2011,2303
685,082153,Sant Hipòlit de Voltregà,0,195,,2011,1362
686,081939,Sant Iscle de Vallalta,0,119,,2011,476
687,439023,Sant Jaume d'Enveja,412,196,,2011,1292
688,082166,Sant Jaume de Frontanyà,16,7,,2011,18
689,171655,Sant Jaume de Llierca,0,87,,2011,319
690,431378,Sant Jaume dels Domenys,405,153,,2011,971
691,171674,Sant Joan de les Abadesses,384,571,,2011,1446
692,171680,Sant Joan de Mollet,0,0,,2011,200
693,082188,Sant Joan de Vilatorrada,0,566,,2011,4119
694,082172,Sant Joan Despí,0,1128,,2011,12237
695,171851,Sant Joan les Fonts,0,152,,2011,1242
696,171668,Sant Jordi Desvalls,0,0,,2011,284
697,089030,Sant Julià de Cerdanyola,52,106,,2011,100
698,171693,Sant Julià de Ramis,0,0,,2011,1232
699,082205,Sant Julià de Vilatorta,153,193,,2011,1060
700,179032,Sant Julià del Llor i Bonmatí,0,83,,2011,477
701,082212,Sant Just Desvern,0,1497,,2011,5851
702,082227,Sant Llorenç d'Hortons,265,0,,2011,946
703,171714,Sant Llorenç de la Muga,147,23,,2011,94
704,251930,Sant Llorenç de Morunys,645,122,,2011,414
705,082233,Sant Llorenç Savall,258,163,,2011,923
706,082251,Sant Martí d'Albars,0,0,,2011,40
707,082248,Sant Martí de Centelles,0,93,,2011,442
708,171729,Sant Martí de Llémena,71,47,,2011,219
709,259025,Sant Martí de Riucorb,198,0,,2011,268
710,082264,Sant Martí de Tous,90,138,,2011,404
711,082270,Sant Martí Sarroca,0,60,,2011,1178
712,082286,Sant Martí Sesgueioles,57,0,,2011,132
713,171735,Sant Martí Vell,32,0,,2011,82
714,082299,Sant Mateu de Bages,78,33,,2011,233
715,171740,Sant Miquel de Campmajor,0,22,,2011,79
716,171753,Sant Miquel de Fluvià,83,0,,2011,284
717,171766,Sant Mori,69,16,,2011,72
718,171772,Sant Pau de Segúries,208,102,,2011,268
719,082310,Sant Pere de Ribes,1471,1178,,2011,11051
720,082325,Sant Pere de Riudebitlles,0,0,,2011,925
721,082331,Sant Pere de Torelló,0,0,,2011,992
722,082346,Sant Pere de Vilamajor,545,0,,2011,1564
723,171788,Sant Pere Pescador,627,219,,2011,790
724,081897,Sant Pere Sallavinera,43,0,,2011,55
725,082359,Sant Pol de Mar,1449,262,,2011,1986
726,082362,Sant Quintí de Mediona,264,202,,2011,841
727,082378,Sant Quirze de Besora,0,215,,2011,909
728,082384,Sant Quirze del Vallès,358,312,,2011,6809
729,082397,Sant Quirze Safaja,98,40,,2011,260
730,251945,Sant Ramon,68,23,,2011,178
731,082401,Sant Sadurní d'Anoia,253,546,,2011,4782
732,082418,Sant Sadurní d'Osormort,0,0,,2011,38
733,080983,Sant Salvador de Guardiola,378,112,,2011,1056
734,082628,Sant Vicenç de Castellet,258,792,,2011,3646
735,082649,Sant Vicenç de Montalt,1318,152,,2011,2079
736,082652,Sant Vicenç de Torelló,0,0,,2011,791
737,082634,Sant Vicenç dels Horts,970,1198,,2011,9869
738,431384,Santa Bàrbara,0,463,,2011,1592
739,082439,Santa Cecília de Voltregà,0,0,,2011,54
740,082444,Santa Coloma de Cervelló,150,144,,2011,2738
741,171805,Santa Coloma de Farners,359,757,,2011,4700
742,082457,Santa Coloma de Gramenet,498,2371,,2011,45646
743,431397,Santa Coloma de Queralt,189,449,,2011,1082
744,171812,Santa Cristina d'Aro,1300,277,,2011,2062
745,082460,Santa Eugènia de Berga,0,0,,2011,839
746,082476,Santa Eulàlia de Riuprimer,0,101,,2011,428
747,082482,Santa Eulàlia de Ronçana,569,156,,2011,2437
748,082495,Santa Fe del Penedès,0,0,,2011,146
749,171827,Santa Llogaia d'Àlguema,0,0,,2011,133
750,082508,Santa Margarida de Montbui,0,665,,2011,3657
751,082515,Santa Margarida i els Monjos,0,373,,2011,2651
752,082589,Santa Maria d'Oló,94,70,,2011,376
753,082536,Santa Maria de Besora,28,13,,2011,62
754,082567,Santa Maria de Martorelles,0,0,,2011,312
755,082554,Santa Maria de Merlès,35,38,,2011,53
756,082573,Santa Maria de Miralles,17,0,,2011,56
757,082592,Santa Maria de Palautordera,502,298,,2011,3376
758,431401,Santa Oliva,258,160,,2011,1251
759,171848,Santa Pau,130,103,,2011,589
760,082606,Santa Perpètua de Mogoda,0,0,,2011,9255
761,082613,Santa Susanna,602,151,,2011,1225
762,081923,Santpedor,0,373,,2011,2663
763,431423,Sarral,122,261,,2011,621
764,171864,Sarrià de Ter,0,147,,2011,1925
765,252017,Sarroca de Bellera,211,25,,2011,48
766,252000,Sarroca de Lleida,51,26,,2011,155
767,171870,"Saus, Camallera i Llampaies",75,56,,2011,314
768,431439,Savallà del Comtat,52,9,,2011,34
769,431444,"Secuita, la",87,170,,2011,634
770,171886,"Selva de Mar, la",118,57,,2011,92
771,431457,"Selva del Camp, la",430,189,,2011,2008
772,431460,Senan,37,0,,2011,27
773,430445,"Sénia, la",392,711,,2011,2368
774,252022,Senterada,86,50,,2011,78
775,250352,"Sentiu de Sió, la",34,22,,2011,187
776,082671,Sentmenat,214,210,,2011,3247
777,171903,Serinyà,0,45,,2011,425
778,252043,Seròs,190,0,,2011,695
779,171910,Serra de Daró,35,0,,2011,77
780,171925,Setcases,266,72,,2011,84
781,252038,"Seu d'Urgell, la",673,1119,,2011,5262
782,082690,Seva,371,0,,2011,1282
783,252056,Sidamon,0,39,,2011,269
784,171931,Sils,348,157,,2011,2126
785,082704,Sitges,4466,2449,,2011,12240
786,170524,Siurana,0,0,,2011,65
787,082711,Sobremunt,32,0,,2011,19
788,252069,"Soleràs, el",0,86,,2011,138
789,431476,Solivella,196,38,,2011,250
790,252075,Solsona,235,1012,,2011,3680
791,082726,Sora,113,0,,2011,68
792,252081,Soriguera,68,0,,2011,169
793,252094,Sort,795,0,,2011,949
794,252108,Soses,0,0,,2011,659
795,082732,Subirats,387,215,,2011,1089
796,252115,Sudanell,61,71,,2011,315
797,252120,Sunyer,0,45,,2011,108
798,082747,Súria,274,504,,2011,2400
799,171946,Susqueda,24,10,,2011,44
800,082763,Tagamanent,12,16,,2011,124
801,082779,Talamanca,80,81,,2011,79
802,252154,Talarn,80,67,,2011,86
803,252167,Talavera,50,17,,2011,101
804,171959,"Tallada d'Empordà, la",96,0,,2011,163
805,082785,Taradell,279,255,,2011,2257
806,431482,Tarragona,5548,7772,,2011,52391
807,252173,Tàrrega,316,2118,,2011,6193
808,252189,Tarrés,22,20,,2011,47
809,252192,Tarroja de Segarra,24,31,,2011,67
810,082750,Tavèrnoles,0,0,,2011,108
811,082802,Tavertet,79,0,,2011,56
812,082819,Teià,185,0,,2011,2164
813,252206,Térmens,0,92,,2011,573
814,171962,Terrades,29,14,,2011,104
815,082798,Terrassa,2544,15908,,2011,83249
816,082824,Tiana,0,174,,2011,2887
817,252213,Tírvia,85,0,,2011,71
818,252228,Tiurana,0,0,,2011,35
819,431495,Tivenys,158,82,,2011,361
820,431508,Tivissa,259,166,,2011,684
821,082830,Tona,185,366,,2011,3048
822,252234,Torà,106,184,,2011,478
823,082845,Tordera,814,1370,,2011,6275
824,082858,Torelló,293,947,,2011,5363
825,252249,"Torms, els",24,35,,2011,61
826,252252,Tornabous,58,54,,2011,383
827,252271,"Torre de Cabdella, la",249,120,,2011,336
828,082861,"Torre de Claramunt, la",0,297,,2011,1375
829,431515,"Torre de Fontaubella, la",27,11,,2011,73
830,431520,"Torre de l'Espanyol, la",62,85,,2011,234
831,252265,Torrebesses,46,80,,2011,116
832,431536,Torredembarra,6833,1366,,2011,6198
833,252287,Torrefarrera,0,305,,2011,1537
834,259078,Torrefeta i Florejacs,130,91,,2011,251
835,252304,Torregrossa,0,211,,2011,797
836,252311,Torrelameu,0,64,,2011,250
837,082877,Torrelavit,121,90,,2011,506
838,082883,Torrelles de Foix,583,238,,2011,983
839,082896,Torrelles de Llobregat,476,0,,2011,2057
840,171978,Torrent,79,0,,2011,54
841,252326,Torres de Segre,100,85,,2011,792
842,252332,Torre-serona,0,3,,2011,147
843,171984,Torroella de Fluvià,158,0,,2011,280
844,171997,Torroella de Montgrí,3749,2894,,2011,4404
845,431541,Torroja del Priorat,100,22,,2011,73
846,172001,Tortellà,66,0,,2011,319
847,431554,Tortosa,1931,2083,,2011,12984
848,172018,Toses,126,10,,2011,72
849,172023,Tossa de Mar,3022,446,,2011,2458
850,252347,Tremp,1308,856,,2011,2489
851,172044,Ullà,49,75,,2011,335
852,082900,Ullastrell,0,0,,2011,688
853,172057,Ullastret,58,0,,2011,99
854,431567,Ulldecona,342,1002,,2011,2632
855,431573,Ulldemolins,226,53,,2011,200
856,172039,Ultramort,20,0,,2011,77
857,172060,Urús,234,0,,2011,71
858,082917,Vacarisses,1312,370,,2011,2259
859,170144,"Vajol, la",37,0,,2011,34
860,172076,"Vall d'en Bas, la",222,194,,2011,1042
861,172082,"Vall de Bianya, la",106,75,,2011,505
862,250432,"Vall de Boí, la",1327,204,,2011,488
863,259010,Vall de Cardós,172,228,,2011,150
864,082922,Vallbona d'Anoia,0,128,,2011,543
865,252385,Vallbona de les Monges,163,0,,2011,121
866,082938,Vallcebre,54,17,,2011,134
867,431589,Vallclara,83,16,,2011,60
868,252402,Vallfogona de Balaguer,0,186,,2011,712
869,171707,Vallfogona de Ripollès,94,0,,2011,92
870,431592,Vallfogona de Riucorb,125,12,,2011,58
871,082943,Vallgorguina,0,239,,2011,995
872,082956,Vallirana,1113,659,,2011,5100
873,172095,Vall-llobrega,250,0,,2011,311
874,431606,Vallmoll,195,95,,2011,646
875,082969,Vallromanes,136,0,,2011,896
876,431613,Valls,986,1533,,2011,9523
877,259062,"Valls d'Aguilar, les",121,52,,2011,133
878,252398,"Valls de Valira, les",145,100,,2011,350
879,431628,Vandellòs i l'Hospitalet de l'Infant,2109,469,,2011,2393
880,259097,"Vansa i Fórnols, la",0,49,,2011,94
881,082975,Veciana,25,13,,2011,61
882,431634,"Vendrell, el",12369,4260,,2011,14397
883,172109,Ventalló,214,0,,2011,352
884,252424,Verdú,96,185,,2011,364
885,172116,Verges,122,0,,2011,451
886,431649,Vespella de Gaià,195,0,,2011,168
887,082981,Vic,723,2687,,2011,15744
888,172121,Vidrà,41,29,,2011,62
889,172137,Vidreres,514,463,,2011,2832
890,252430,Vielha e Mijaran,2288,0,,2011,2075
891,431652,Vilabella,46,64,,2011,318
892,172142,Vilabertran,0,0,,2011,384
893,172155,Vilablareix,0,0,,2011,836
894,082994,Vilada,58,46,,2011,189
895,172174,Viladamat,54,0,,2011,184
896,172168,Viladasens,16,0,,2011,72
897,083015,Viladecans,671,2714,,2011,24231
898,083008,Viladecavalls,0,243,,2011,2451
899,172180,Vilademuls,120,221,,2011,283
900,172207,Viladrau,126,214,,2011,406
901,172214,Vilafant,0,86,,2011,1844
902,083054,Vilafranca del Penedès,820,3109,,2011,15138
903,252445,Vilagrassa,0,155,,2011,178
904,172235,Vilajuïga,0,0,,2011,457
905,431750,Vilalba dels Arcs,59,34,,2011,245
906,083067,Vilalba Sasserra,0,0,,2011,287
907,252458,Vilaller,179,136,,2011,265
908,172240,Vilallonga de Ter,461,84,,2011,199
909,431665,Vilallonga del Camp,78,214,,2011,829
910,172253,Vilamacolum,27,0,,2011,111
911,172266,Vilamalla,0,0,,2011,387
912,172272,Vilamaniscle,53,0,,2011,63
913,252477,Vilamòs,58,0,,2011,84
914,172288,Vilanant,0,39,,2011,134
915,431671,Vilanova d'Escornalbou,3,6,,2011,224
916,252483,Vilanova de Bellpuig,0,0,,2011,465
917,252496,Vilanova de l'Aguda,0,15,,2011,94
918,252542,Vilanova de la Barca,52,0,,2011,427
919,252509,Vilanova de Meià,308,43,,2011,167
920,431687,Vilanova de Prades,70,29,,2011,54
921,083036,Vilanova de Sau,62,0,,2011,145
922,252516,Vilanova de Segrià,116,96,,2011,333
923,083020,Vilanova del Camí,218,865,,2011,4495
924,089024,Vilanova del Vallès,205,0,,2011,1789
925,083073,Vilanova i la Geltrú,2816,3348,,2011,26586
926,431690,Vilaplana,40,44,,2011,248
927,431704,Vila-rodona,111,218,,2011,511
928,172305,Vila-sacra,0,0,,2011,260
929,252521,Vila-sana,0,47,,2011,252
930,431711,Vila-seca,7466,1758,,2011,8401
931,082140,Vilassar de Dalt,313,291,,2011,3440
932,082191,Vilassar de Mar,1129,1100,,2011,7666
933,172229,Vilaür,30,11,,2011,50
934,431726,Vilaverd,62,65,,2011,205
935,431732,"Vilella Alta, la",43,25,,2011,54
936,431747,"Vilella Baixa, la",100,45,,2011,92
937,172333,Vilobí d'Onyar,89,0,,2011,1155
938,083041,Vilobí del Penedès,44,0,,2011,380
939,172327,Vilopriu,81,0,,2011,84
940,252537,"Vilosell, el",144,14,,2011,80
941,431763,Vimbodí i Poblet,184,145,,2011,409
942,252555,Vinaixa,89,81,,2011,236
943,431779,Vinebre,54,67,,2011,199
944,431785,Vinyols i els Arcs,607,196,,2011,771
945,083089,Viver i Serrateix,0,0,,2011,47
946,430521,Xerta,114,140,,2011,460
