Municipi,2010,2011,2012,2013,2014,2015,2016,2017,2018
Abrera,195976,202283.0,194911.0,202147.0,206839.0,210280.0,210860.0,217630.0,217630.0
Agramunt,77467,76516.0,75618.0,74815.0,77051.0,76122.0,80246.0,80838.0,80838.0
Aiguafreda,43839,41568.0,38834.0,38974.0,39581.0,40685.0,43282.0,44810.0,44810.0
Aitona,27489,27112.0,28613.0,29406.0,30647.0,27429.0,29161.0,29028.0,29028.0
Albatàrrec,25295,25058.0,24474.0,24608.0,27069.0,25814.0,27056.0,28069.0,28069.0
Albesa,20502,20310.0,21727.0,21770.0,21567.0,20925.0,21967.0,22068.0,22068.0
Albinyana,29289,29524.0,29176.0,29398.0,31672.0,30500.0,31208.0,32604.0,32604.0
Alcanar,121567,119084.0,111458.0,108512.0,111940.0,110665.0,116799.0,123635.0,123635.0
Alcarràs,103918,106537.0,110643.0,109289.0,113266.0,108393.0,113946.0,120650.0,120650.0
Alcoletge,42058,41828.0,42681.0,41790.0,43927.0,43011.0,44523.0,46917.0,46917.0
Alcover,70396,71733.0,71237.0,73096.0,78771.0,77542.0,74338.0,78829.0,78829.0
"Aldea, l'",50655,50516.0,49412.0,48838.0,49602.0,48971.0,52025.0,53945.0,53945.0
Alella,226435,215094.0,205603.0,203973.0,216984.0,228263.0,259523.0,264712.0,264712.0
Alfarràs,38070,38149.0,36204.0,36267.0,35860.0,36032.0,36318.0,37978.0,37978.0
Alforja,23912,23503.0,22672.0,22469.0,23356.0,23029.0,22298.0,24893.0,24893.0
Alguaire,44387,43730.0,42189.0,41569.0,43016.0,40377.0,41023.0,41313.0,41313.0
Almacelles,82977,83653.0,81866.0,83207.0,86541.0,85460.0,89666.0,95486.0,95486.0
Almenar,46553,46235.0,45921.0,45080.0,46249.0,44996.0,45848.0,47446.0,47446.0
Almoster,26151,24832.0,24119.0,24603.0,25413.0,25712.0,26693.0,26867.0,26867.0
Alp,24587,22928.0,21098.0,20966.0,20344.0,21664.0,23083.0,24640.0,24640.0
Alpicat,110992,106064.0,101925.0,101261.0,105847.0,107336.0,109233.0,112158.0,112158.0
Altafulla,89549,86631.0,81400.0,81701.0,85176.0,85602.0,88309.0,101063.0,101063.0
Amer,37043,36938.0,33762.0,34723.0,35836.0,36815.0,37538.0,39362.0,39362.0
"Ametlla de Mar, l'",82789,82513.0,76977.0,75740.0,82166.0,82940.0,83440.0,88904.0,88904.0
"Ametlla del Vallès, l'",163804,163146.0,154923.0,157148.0,172395.0,176219.0,179848.0,196146.0,196146.0
"Ampolla, l'",42951,40409.0,38948.0,38627.0,39108.0,41294.0,42978.0,45997.0,45997.0
Amposta,266405,256981.0,240169.0,240256.0,250790.0,253560.0,258827.0,274280.0,274280.0
Anglès,81692,80677.0,75109.0,75572.0,77153.0,77548.0,79997.0,82214.0,82214.0
Anglesola,18617,19000.0,18636.0,18695.0,19060.0,18255.0,18715.0,19473.0,19473.0
Arbeca,30102,29847.0,29339.0,28968.0,29180.0,29094.0,28812.0,29697.0,29697.0
"Arboç, l'",70876,73234.0,66368.0,66576.0,67705.0,69535.0,70615.0,73354.0,73354.0
Arbúcies,87189,86662.0,81365.0,81384.0,82337.0,85361.0,88740.0,92696.0,92696.0
Arenys de Mar,243987,236536.0,226946.0,227323.0,237346.0,246215.0,256896.0,271949.0,271949.0
Arenys de Munt,137460,133992.0,130296.0,130028.0,139414.0,143145.0,150441.0,156813.0,156813.0
Argentona,203710,203045.0,189046.0,197272.0,199411.0,206994.0,215344.0,225687.0,225687.0
Artés,85785,87326.0,82571.0,83171.0,86377.0,88155.0,91839.0,93942.0,93942.0
Artesa de Lleida,20917,20799.0,20907.0,21058.0,21651.0,21290.0,22202.0,22057.0,22057.0
Artesa de Segre,46441,46290.0,45346.0,44764.0,45066.0,43990.0,47115.0,48521.0,48521.0
Ascó,25826,26697.0,26044.0,25795.0,27117.0,25792.0,25828.0,25488.0,25488.0
Avià,34588,36726.0,35517.0,35429.0,35984.0,36463.0,37514.0,39246.0,39246.0
Avinyó,33581,35227.0,34018.0,34201.0,34828.0,34435.0,36075.0,37873.0,37873.0
Avinyonet de Puigventós,23405,23070.0,23389.0,23163.0,25083.0,24448.0,25169.0,25891.0,25891.0
Avinyonet del Penedès,29909,28559.0,44288.0,26369.0,27970.0,28050.0,20194.0,27520.0,27520.0
Badalona,3406020,3426847.0,3252962.0,3275799.0,3386700.0,3397492.0,3478550.0,3535566.0,3535566.0
Badia del Vallès,159140,162694.0,157565.0,160245.0,169237.0,165740.0,166814.0,173022.0,173022.0
Bagà,37664,37931.0,35667.0,34568.0,34471.0,35164.0,37085.0,37763.0,37763.0
Balaguer,219423,218707.0,202009.0,201787.0,208654.0,214429.0,217549.0,223722.0,223722.0
Balenyà,56675,57809.0,55064.0,54498.0,56799.0,55396.0,58410.0,59402.0,59402.0
Balsareny,52788,54066.0,50433.0,51769.0,52372.0,52357.0,52898.0,54103.0,54103.0
Banyeres del Penedès,46521,46484.0,43375.0,44249.0,47066.0,45902.0,47530.0,48875.0,48875.0
Banyoles,294269,298283.0,279076.0,283198.0,293490.0,304107.0,312158.0,322686.0,322686.0
Barberà del Vallès,537221,537901.0,515749.0,525433.0,545353.0,546656.0,553196.0,564067.0,564067.0
Barcelona,33163615,32943816.0,30576487.0,30781413.0,32178981.0,33353967.0,33965037.0,34811975.0,34811975.0
Batea,25533,23329.0,24092.0,23007.0,23365.0,22997.0,24342.0,25346.0,25346.0
Begues,132256,132745.0,125791.0,128729.0,134156.0,136301.0,147060.0,150925.0,150925.0
Begur,61818,59521.0,56970.0,54766.0,56453.0,59827.0,61289.0,63415.0,63415.0
Bellcaire d'Urgell,18567,18348.0,17999.0,17910.0,18733.0,18300.0,18683.0,18620.0,18620.0
Bell-lloc d'Urgell,34905,33630.0,33095.0,32198.0,34346.0,33831.0,38014.0,36223.0,36223.0
Bellpuig,66539,65705.0,63831.0,62854.0,64388.0,64755.0,68324.0,68741.0,68741.0
Bellvei,26228,25841.0,25005.0,25358.0,26998.0,26852.0,27345.0,28788.0,28788.0
Bellver de Cerdanya,33512,32240.0,30864.0,29575.0,30254.0,30655.0,31731.0,32540.0,32540.0
Bellvís,33163,31881.0,31085.0,30323.0,31066.0,29819.0,31087.0,31752.0,31752.0
Benavent de Segrià,22548,22721.0,23088.0,23027.0,23325.0,22717.0,24401.0,24875.0,24875.0
Benissanet,14298,14797.0,14030.0,14110.0,14358.0,13915.0,14291.0,14896.0,14896.0
Berga,265061,267805.0,253693.0,252267.0,255184.0,259705.0,266523.0,272920.0,272920.0
Besalú,37697,38590.0,36351.0,36607.0,37420.0,38843.0,41864.0,42067.0,42067.0
Bescanó,75699,76304.0,74146.0,75681.0,79098.0,82261.0,83984.0,86164.0,86164.0
Bigues i Riells del Fai,151449,149392.0,143327.0,145235.0,157227.0,156429.0,162976.0,168859.0,168859.0
"Bisbal d'Empordà, la",138585,137667.0,127242.0,127584.0,131866.0,135142.0,144662.0,151029.0,151029.0
"Bisbal del Penedès, la",45757,45840.0,43358.0,42743.0,45467.0,44130.0,45523.0,49144.0,49144.0
Blanes,515242,523497.0,490695.0,497529.0,508043.0,523222.0,538511.0,556417.0,556417.0
Bordils,27623,26576.0,27276.0,27134.0,28606.0,28797.0,29930.0,30013.0,30013.0
"Borges Blanques, les",88106,87505.0,82909.0,81921.0,83883.0,82159.0,85402.0,87951.0,87951.0
"Borges del Camp, les",29759,30385.0,28899.0,28770.0,28806.0,30561.0,31159.0,30573.0,30573.0
Bossòst,17556,16862.0,16172.0,16379.0,16332.0,16910.0,17886.0,17933.0,17933.0
Botarell,16376,15924.0,15771.0,15957.0,17391.0,16920.0,17977.0,20240.0,20240.0
Breda,54772,54521.0,51606.0,52402.0,54015.0,53883.0,54687.0,57761.0,57761.0
"Bruc, el",34208,34318.0,33473.0,33139.0,35520.0,36433.0,39525.0,41592.0,41592.0
Cabra del Camp,14064,14545.0,13982.0,14035.0,14074.0,13645.0,14269.0,14974.0,14974.0
Cabrera d'Anoia,18649,18882.0,17505.0,18036.0,19132.0,18864.0,19588.0,21181.0,21181.0
Cabrera de Mar,95458,91748.0,86135.0,84616.0,90014.0,99254.0,106468.0,104949.0,104949.0
Cabrils,166541,156573.0,147981.0,154593.0,167161.0,168667.0,174628.0,180231.0,180231.0
Cadaqués,32619,31786.0,29685.0,30016.0,30293.0,32572.0,36495.0,36011.0,36011.0
Calaf,52436,51709.0,48124.0,47932.0,50180.0,50772.0,55897.0,52700.0,52700.0
Calafell,352775,343323.0,319982.0,316694.0,318866.0,322904.0,342146.0,367306.0,367306.0
Caldes d'Estrac,48778,47393.0,45645.0,44268.0,50913.0,51394.0,50819.0,62129.0,62129.0
Caldes de Malavella,102608,103268.0,102540.0,105638.0,111430.0,112291.0,117495.0,121102.0,121102.0
Caldes de Montbui,291710,290110.0,273546.0,278127.0,286537.0,290056.0,304001.0,309933.0,309933.0
Calella,253186,251844.0,240670.0,239877.0,247360.0,255932.0,266511.0,272703.0,272703.0
Calldetenes,38476,38815.0,37184.0,37022.0,39386.0,39625.0,40781.0,43350.0,43350.0
Callús,28246,29064.0,28029.0,28378.0,29888.0,30984.0,32211.0,33185.0,33185.0
Calonge i Sant Antoni,150349,150359.0,138502.0,137410.0,142908.0,145279.0,150084.0,157894.0,157894.0
Camarles,39255,39002.0,37177.0,36075.0,35904.0,38000.0,40606.0,43395.0,43395.0
Cambrils,492602,484885.0,461976.0,464965.0,482392.0,500811.0,511388.0,526629.0,526629.0
Campdevànol,56048,56749.0,55481.0,55598.0,57544.0,56300.0,57072.0,57039.0,57039.0
Camprodon,39169,38628.0,36100.0,34824.0,33748.0,35089.0,37804.0,39109.0,39109.0
Canet de Mar,219959,220139.0,207642.0,207381.0,219509.0,226146.0,236971.0,241971.0,241971.0
"Canonja, la",0,72862.0,72236.0,74085.0,79116.0,79207.0,80498.0,83037.0,83037.0
Canovelles,219780,218694.0,211861.0,216069.0,213172.0,222266.0,224782.0,230427.0,230427.0
Cànoves i Samalús,47514,46507.0,45347.0,46709.0,47934.0,47831.0,50964.0,53216.0,53216.0
Canyelles,69505,70413.0,65343.0,66221.0,73235.0,71944.0,76336.0,81344.0,81344.0
Capellades,86704,86746.0,81890.0,81875.0,83504.0,83463.0,82974.0,85963.0,85963.0
Cardedeu,296721,293647.0,279828.0,283522.0,300487.0,305742.0,312463.0,322372.0,322372.0
Cardona,83255,83071.0,76645.0,75097.0,76116.0,74873.0,77600.0,77919.0,77919.0
Cassà de la Selva,152213,150737.0,145932.0,146565.0,152219.0,155755.0,161598.0,166136.0,166136.0
Casserres,24450,25789.0,25391.0,24630.0,24746.0,24677.0,26095.0,27437.0,27437.0
Castellar del Vallès,395465,398434.0,374602.0,376984.0,393710.0,409906.0,423072.0,437956.0,437956.0
Castellbell i el Vilar,54870,54284.0,51680.0,51676.0,53964.0,53409.0,55159.0,59607.0,59607.0
Castellbisbal,205157,207782.0,196958.0,200518.0,213225.0,210702.0,210658.0,214064.0,214064.0
Castelldans,0,1134060.0,1069050.0,1085923.0,1212619.0,1361850.0,1443084.0,1400915.0,1400915.0
Castelldefels,1126857,33572.0,32235.0,32047.0,34099.0,32984.0,34103.0,36462.0,36462.0
Castellet i la Gornal,33424,27841.0,27483.0,28509.0,28876.0,30601.0,31938.0,32659.0,32659.0
Castellgalí,26662,19300.0,19375.0,20283.0,20175.0,20805.0,23610.0,24026.0,24026.0
Castellnou de Bages,19141,113855.0,106576.0,105894.0,107771.0,119199.0,126231.0,131001.0,131001.0
Castelló d'Empúries,116048,135490.0,125938.0,123389.0,125092.0,129161.0,136197.0,148349.0,148349.0
Castell-Platja d'Aro,144153,38522.0,36298.0,36307.0,37304.0,36978.0,38257.0,41345.0,41345.0
Castellterçol,40259,52682.0,51901.0,50263.0,55771.0,57292.0,54392.0,55424.0,55424.0
Castellvell del Camp,52903,25262.0,23141.0,23399.0,22445.0,22446.0,23711.0,24098.0,24098.0
Castellví de la Marca,26037,30449.0,30158.0,30496.0,32172.0,32837.0,33673.0,35554.0,35554.0
Castellví de Rosanes,30480,71187.0,69439.0,69839.0,72984.0,73084.0,79012.0,79317.0,79317.0
"Catllar, el",72567,30020.0,29248.0,29543.0,29358.0,30549.0,31881.0,32092.0,32092.0
"Cellera de Ter, la",30351,72140.0,73477.0,74660.0,80585.0,78912.0,79048.0,82417.0,82417.0
Celrà,72627,117498.0,113310.0,113231.0,116600.0,121037.0,123894.0,126543.0,126543.0
Centelles,116219,22929.0,21286.0,20246.0,21070.0,18626.0,18612.0,18788.0,18788.0
Cercs,21868,1032038.0,987444.0,993802.0,1037452.0,1057493.0,1070359.0,1082641.0,1082641.0
Cerdanyola del Vallès,1043488,162416.0,154856.0,155759.0,165744.0,179611.0,169156.0,173262.0,173262.0
Cervelló,161099,128202.0,118401.0,116842.0,117840.0,119343.0,118387.0,124669.0,124669.0
Cervera,131124,82071.0,78527.0,80818.0,88421.0,88953.0,95226.0,92612.0,92612.0
Collbató,81459,78603.0,73150.0,73218.0,75413.0,76125.0,77303.0,82482.0,82482.0
Constantí,79414,14005.0,14251.0,13834.0,12791.0,13283.0,13714.0,13392.0,13392.0
Corbera d'Ebre,13992,245666.0,233408.0,237530.0,241462.0,250979.0,264551.0,278930.0,278930.0
Corbera de Llobregat,246243,18764.0,19396.0,18615.0,20209.0,18941.0,19536.0,19770.0,19770.0
Corbins,18840,19521.0,18301.0,19528.0,18316.0,19272.0,19966.0,21108.0,21108.0
Corçà,19774,1386170.0,1314434.0,1330117.0,1374412.0,1383334.0,1395049.0,1433260.0,1433260.0
Cornellà de Llobregat,1367595,37220.0,35264.0,35191.0,36261.0,36461.0,37491.0,38705.0,38705.0
Cornellà del Terri,36434,50528.0,47554.0,47322.0,47659.0,48217.0,48563.0,51433.0,51433.0
Creixell,51494,19157.0,21572.0,21058.0,21568.0,19665.0,26799.0,21221.0,21221.0
"Cruïlles, Monells i Sant Sadurní de l'Heura",18967,238284.0,226839.0,227040.0,237629.0,241158.0,250108.0,254606.0,254606.0
Cubelles,242963,171770.0,162146.0,161610.0,160652.0,157335.0,161649.0,178980.0,178980.0
Cunit,176677,133025.0,127488.0,128034.0,129858.0,134117.0,139733.0,147812.0,147812.0
Deltebre,135216,83890.0,81553.0,83857.0,85146.0,86697.0,91140.0,97115.0,97115.0
Dosrius,82877,128183.0,120874.0,119171.0,122490.0,126038.0,162325.0,161384.0,161384.0
"Escala, l'",130676,348618.0,334839.0,339454.0,355855.0,354811.0,363897.0,371761.0,371761.0
Esparreguera,341001,55779.0,54918.0,54304.0,53611.0,56049.0,57828.0,59372.0,59372.0
"Espluga de Francolí, l'",56199,904089.0,834304.0,839244.0,864638.0,897896.0,909906.0,963084.0,963084.0
Esplugues de Llobregat,881755,36432.0,36031.0,36319.0,36061.0,35864.0,37565.0,39778.0,39778.0
"Esquirol, l'",35498,40414.0,38129.0,39114.0,38896.0,40892.0,41389.0,42049.0,42049.0
Falset,41900,15291.0,14541.0,14246.0,14583.0,14753.0,15273.0,16752.0,16752.0
Figaró-Montmany,15446,558779.0,527288.0,525878.0,546129.0,569469.0,590196.0,622208.0,622208.0
Figueres,581154,17864.0,16644.0,16334.0,16801.0,16837.0,16791.0,17298.0,17298.0
Flaçà,17270,66677.0,64798.0,62595.0,60357.0,59227.0,59295.0,59605.0,59605.0
Flix,66691,22534.0,21326.0,21108.0,24131.0,21494.0,22840.0,22738.0,22738.0
Fogars de la Selva,22046,38577.0,36255.0,36713.0,38771.0,40151.0,41276.0,41802.0,41802.0
Folgueroles,38800,26375.0,24827.0,25109.0,27905.0,27533.0,25209.0,26391.0,26391.0
Fonollosa,27654,21057.0,22078.0,22209.0,23303.0,24094.0,24580.0,26180.0,26180.0
Fontcoberta,20365,27427.0,22444.0,21841.0,23147.0,20160.0,20513.0,21321.0,21321.0
Font-rubí,28897,26018.0,25298.0,25410.0,29023.0,30899.0,29868.0,30381.0,30381.0
Forallac,26080,44801.0,42203.0,43336.0,47571.0,48654.0,49919.0,53458.0,53458.0
Fornells de la Selva,45912,293676.0,281720.0,285853.0,302955.0,304566.0,310445.0,323355.0,323355.0
"Franqueses del Vallès, les",290305,16032.0,15163.0,15573.0,15297.0,15117.0,15781.0,16236.0,16236.0
"Fuliola, la",16096,39870.0,38010.0,37865.0,38649.0,38482.0,41030.0,42147.0,42147.0
Gandesa,40800,269734.0,253933.0,255089.0,267164.0,275911.0,293857.0,301629.0,301629.0
"Garriga, la",273354,814822.0,773182.0,781380.0,833370.0,845300.0,818441.0,848160.0,848160.0
Gavà,800335,114708.0,109909.0,112286.0,115260.0,116785.0,118819.0,124337.0,124337.0
Gelida,118111,14144.0,15378.0,14989.0,13108.0,12850.0,14234.0,14487.0,14487.0
Gimenells i el Pla de la Font,14260,1584186.0,1471765.0,1492181.0,1567027.0,1642322.0,1694504.0,1720727.0,1720727.0
Ginestar,0,79260.0,75179.0,75409.0,76162.0,77062.0,80303.0,82897.0,82897.0
Girona,1638759,23037.0,23851.0,23695.0,24214.0,25121.0,26385.0,27261.0,27261.0
Gironella,77098,33956.0,30513.0,30952.0,32469.0,32922.0,33854.0,37372.0,37372.0
Golmés,23589,981092.0,911317.0,928877.0,971849.0,997846.0,1023346.0,1065003.0,1065003.0
"Granada, la",34070,21490.0,21340.0,21709.0,24683.0,23574.0,24884.0,25612.0,25612.0
"Granja d'Escarp, la",0,94275.0,92435.0,97297.0,101105.0,94836.0,100042.0,101806.0,101806.0
Granollers,972118,44541.0,47334.0,47408.0,46222.0,53737.0,55743.0,55017.0,55017.0
Gualba,21143,15976.0,15016.0,14149.0,14052.0,14171.0,14912.0,15641.0,15641.0
Guissona,90315,3961498.0,3738706.0,3751953.0,3866413.0,3883311.0,3905128.0,4008695.0,4008695.0
Gurb,44744,39913.0,39393.0,40259.0,42126.0,42761.0,42774.0,45818.0,45818.0
Horta de Sant Joan,15520,56740.0,55051.0,55748.0,57330.0,58108.0,63011.0,64282.0,64282.0
"Hospitalet de Llobregat, l'",3901921,627838.0,577110.0,578764.0,599624.0,621208.0,637073.0,657147.0,657147.0
"Hostalets de Pierola, els",39987,14870.0,15213.0,14970.0,14836.0,14201.0,15354.0,15320.0,15320.0
Hostalric,56879,23703.0,22701.0,22113.0,22879.0,21956.0,22645.0,22700.0,22700.0
Igualada,610026,36482.0,33539.0,33789.0,35500.0,37687.0,39710.0,45189.0,45189.0
Isona i Conca Dellà,15885,45257.0,44918.0,44120.0,45559.0,44706.0,46644.0,47111.0,47111.0
Ivars d'Urgell,23532,35892.0,34559.0,33865.0,34650.0,34106.0,35534.0,36028.0,36028.0
"Jonquera, la",37792,203564.0,192442.0,195724.0,201635.0,201636.0,200878.0,203366.0,203366.0
Juneda,46628,111404.0,108356.0,105862.0,111155.0,118473.0,119566.0,122938.0,122938.0
Linyola,36293,70165.0,64575.0,64806.0,64779.0,69276.0,70699.0,72745.0,72745.0
"Llagosta, la",196321,2090368.0,1963472.0,1968822.0,2033134.0,2114213.0,2166888.0,2237869.0,2237869.0
Llagostera,113601,17931.0,19618.0,17590.0,19577.0,20486.0,21162.0,21321.0,21321.0
Llançà,73347,247861.0,237254.0,241811.0,262600.0,257396.0,263453.0,273336.0,273336.0
Lleida,2152799,117244.0,114802.0,115742.0,118741.0,120437.0,127425.0,125748.0,125748.0
Llers,24520,148966.0,143186.0,143417.0,151279.0,155235.0,161040.0,166837.0,166837.0
Lliçà d'Amunt,241512,20708.0,19063.0,18916.0,17701.0,19077.0,20341.0,22718.0,22718.0
Lliçà de Vall,115009,33576.0,31770.0,31857.0,32481.0,33371.0,34569.0,36517.0,36517.0
Llinars del Vallès,150159,395741.0,367527.0,374917.0,390721.0,406711.0,420401.0,442836.0,442836.0
Llívia,21131,84835.0,86258.0,87097.0,88891.0,90047.0,94135.0,97723.0,97723.0
Llorenç del Penedès,33751,259115.0,248557.0,249486.0,255797.0,260558.0,269801.0,278146.0,278146.0
Lloret de Mar,388745,293212.0,281398.0,270898.0,283046.0,298502.0,296154.0,309246.0,309246.0
Maçanet de la Selva,88784,1244586.0,1115608.0,1112538.0,1140541.0,1175412.0,1205915.0,1242066.0,1242066.0
Malgrat de Mar,254788,423623.0,398900.0,406291.0,419631.0,419105.0,423819.0,436464.0,436464.0
Manlleu,286120,82973.0,79265.0,79820.0,121705.0,81467.0,82617.0,87759.0,87759.0
Manresa,1218099,13673.0,13008.0,13007.0,13322.0,12772.0,13464.0,14360.0,14360.0
Martorell,413190,50757.0,49184.0,49882.0,51289.0,51245.0,52901.0,54140.0,54140.0
Martorelles,82344,430590.0,408001.0,422963.0,437351.0,440357.0,450522.0,465921.0,465921.0
Masdenverge,13285,129035.0,122133.0,123801.0,130564.0,128519.0,132576.0,141796.0,141796.0
"Masies de Voltregà, les",49838,225827.0,182886.0,190009.0,213420.0,238770.0,254643.0,124194.0,124194.0
"Masnou, el",436773,1808765.0,1680794.0,1690013.0,1750480.0,1858449.0,1893397.0,1961891.0,1961891.0
Masquefa,125625,31952.0,29417.0,31190.0,30421.0,32592.0,32135.0,33775.0,33775.0
Matadepera,215106,18711.0,18498.0,18269.0,18722.0,16968.0,17655.0,18441.0,18441.0
Mataró,1814726,87147.0,81102.0,81507.0,85006.0,85555.0,93981.0,96510.0,96510.0
Mediona,32952,470378.0,453234.0,462671.0,476167.0,477830.0,485975.0,493074.0,493074.0
Miralcamp,19113,198607.0,184050.0,184841.0,192091.0,201023.0,207863.0,217457.0,217457.0
Moià,87338,816337.0,775563.0,784328.0,817704.0,815541.0,811817.0,830235.0,830235.0
Molins de Rei,476846,44999.0,42337.0,43220.0,44371.0,45400.0,47165.0,48858.0,48858.0
Mollerussa,200028,111735.0,108163.0,109639.0,107138.0,113851.0,118118.0,121107.0,121107.0
Mollet del Vallès,810840,35865.0,35623.0,35708.0,37684.0,39363.0,39838.0,43967.0,43967.0
Monistrol de Montserrat,45546,542388.0,521185.0,529799.0,550121.0,545727.0,554553.0,573449.0,573449.0
Montblanc,112808,12627.0,12971.0,12651.0,13358.0,13085.0,13583.0,13384.0,13384.0
Montbrió del Camp,36617,201354.0,201231.0,205976.0,214714.0,215873.0,219968.0,223820.0,223820.0
Montcada i Reixac,536690,17438.0,16321.0,15435.0,15705.0,16629.0,17357.0,18506.0,18506.0
Montferrer i Castellbò,12924,144421.0,139003.0,138866.0,142320.0,140895.0,142585.0,144506.0,144506.0
Montgat,200290,245275.0,235384.0,235448.0,243913.0,248870.0,250593.0,261770.0,261770.0
"Montmell, el",17711,26958.0,25221.0,25354.0,28051.0,29108.0,30653.0,29798.0,29798.0
Montmeló,143738,150918.0,147986.0,145262.0,152148.0,148290.0,157960.0,165409.0,165409.0
Montornès del Vallès,242074,84342.0,78829.0,78527.0,80060.0,81171.0,81487.0,81609.0,81609.0
Mont-ras,26305,42377.0,40290.0,40337.0,40504.0,40559.0,41677.0,42194.0,42194.0
Mont-roig del Camp,157250,51990.0,51032.0,51114.0,52981.0,52791.0,54466.0,57943.0,57943.0
Móra d'Ebre,82855,22685.0,22543.0,22023.0,22243.0,23620.0,26378.0,28633.0,28633.0
Móra la Nova,42368,94730.0,91074.0,92446.0,94330.0,97775.0,98217.0,102223.0,102223.0
"Morell, el",51496,99355.0,91213.0,92176.0,93591.0,94455.0,98049.0,99411.0,99411.0
Naut Aran,22889,18529.0,17926.0,18565.0,19140.0,20244.0,22230.0,23343.0,23343.0
Navarcles,92885,54836.0,50605.0,51043.0,54257.0,53464.0,55705.0,57829.0,57829.0
Navàs,95042,58744.0,53927.0,54790.0,55002.0,57653.0,59065.0,60184.0,60184.0
Navata,18501,27977.0,27456.0,27586.0,28666.0,27938.0,29698.0,30757.0,30757.0
Òdena,54470,376632.0,355900.0,357714.0,372601.0,374192.0,380301.0,392075.0,392075.0
Olèrdola,57623,28401.0,26495.0,26838.0,27472.0,26955.0,28067.0,28241.0,28241.0
Olesa de Bonesvalls,27717,54101.0,53827.0,55416.0,63006.0,61058.0,61771.0,65206.0,65206.0
Olesa de Montserrat,369068,18927.0,18320.0,18118.0,18930.0,18582.0,19590.0,20446.0,20446.0
Oliana,28062,522561.0,489241.0,492704.0,509794.0,527619.0,548929.0,566223.0,566223.0
Olivella,54261,127147.0,121154.0,123324.0,128545.0,132253.0,135343.0,143867.0,143867.0
Olost,18759,288311.0,261029.0,259830.0,266386.0,276345.0,287432.0,307974.0,307974.0
Olot,513387,253628.0,237447.0,236202.0,244348.0,253033.0,263325.0,271225.0,271225.0
Os de Balaguer,0,31708.0,31135.0,30556.0,32082.0,32272.0,32293.0,33107.0,33107.0
Palafolls,125179,16650.0,16634.0,16382.0,15764.0,18206.0,18313.0,18645.0,18645.0
Palafrugell,290946,244397.0,235014.0,239479.0,245473.0,247028.0,258463.0,265782.0,265782.0
Palamós,252484,76485.0,74064.0,74271.0,74353.0,77817.0,79918.0,82960.0,82960.0
"Palau d'Anglesola, el",32473,208860.0,198247.0,199500.0,206943.0,207492.0,212645.0,211606.0,211606.0
Palau-saverdera,17190,53079.0,50232.0,50414.0,52492.0,54491.0,57679.0,58908.0,58908.0
Palau-solità i Plegamans,239415,40963.0,37923.0,37453.0,36611.0,36104.0,37871.0,39345.0,39345.0
"Pallaresos, els",75831,66662.0,63298.0,63681.0,67485.0,66506.0,71594.0,77382.0,77382.0
Pallejà,204628,308439.0,299706.0,305336.0,317753.0,317915.0,323413.0,331304.0,331304.0
"Palma de Cervelló, la",53597,18500.0,17743.0,18638.0,18920.0,18806.0,18369.0,19217.0,19217.0
Pals,43253,30990.0,28694.0,29598.0,29392.0,30025.0,33614.0,56045.0,56045.0
"Papiol, el",68581,31778.0,31176.0,31358.0,30295.0,31214.0,32337.0,33836.0,33836.0
Parets del Vallès,304682,210611.0,204967.0,207279.0,217668.0,217160.0,223923.0,237315.0,237315.0
Perafort,18738,352458.0,330588.0,330975.0,334153.0,355228.0,366202.0,375530.0,375530.0
Peralada,30012,32565.0,30926.0,31105.0,32646.0,33132.0,33847.0,35690.0,35690.0
"Perelló, el",32506,17642.0,17151.0,16741.0,17080.0,17735.0,18616.0,19419.0,19419.0
Piera,210461,27225.0,26784.0,26609.0,27251.0,25877.0,25497.0,26276.0,26276.0
Pineda de Mar,352066,34355.0,31836.0,32627.0,34005.0,33627.0,34176.0,34816.0,34816.0
"Pla de Santa Maria, el",31633,21820.0,19354.0,19494.0,19101.0,18797.0,19938.0,19527.0,19527.0
"Pla del Penedès, el",18083,34960.0,37040.0,38953.0,41147.0,43030.0,44120.0,47104.0,47104.0
"Planes d'Hostoles, les",26938,40481.0,37975.0,38785.0,40224.0,40594.0,40135.0,42516.0,42516.0
"Pobla de Claramunt, la",34083,47968.0,46043.0,44806.0,44165.0,44669.0,44862.0,45327.0,45327.0
"Pobla de Lillet, la",21582,127899.0,123657.0,127464.0,132847.0,133257.0,134831.0,138091.0,138091.0
"Pobla de Mafumet, la",33756,37032.0,35057.0,33995.0,34977.0,34679.0,34851.0,33381.0,33381.0
"Pobla de Montornès, la",41548,50067.0,48318.0,49474.0,51513.0,52397.0,53798.0,57336.0,57336.0
"Pobla de Segur, la",49415,38914.0,36591.0,37275.0,37097.0,37733.0,38172.0,38943.0,38943.0
Polinyà,125109,69127.0,66645.0,68183.0,69548.0,71880.0,75985.0,76827.0,76827.0
"Pont de Suert, el",38785,19290.0,18008.0,17983.0,16579.0,17473.0,17297.0,17526.0,17526.0
"Pont de Vilomara i Rocafort, el",49750,1047770.0,1018040.0,1032969.0,1084769.0,1085305.0,1083254.0,1105961.0,1105961.0
Ponts,39141,41652.0,39176.0,40032.0,40618.0,40947.0,43333.0,43755.0,43755.0
Porqueres,68976,208120.0,192947.0,195760.0,200637.0,206588.0,212504.0,226926.0,226926.0
Portbou,19979,485333.0,461092.0,460501.0,471413.0,481755.0,490698.0,505750.0,505750.0
"Prat de Llobregat, el",1029609,28361.0,27156.0,27047.0,28279.0,30116.0,33297.0,31335.0,31335.0
Prats de Lluçanès,40718,114444.0,106011.0,105562.0,106070.0,113132.0,116706.0,120756.0,120756.0
Premià de Dalt,211141,14484.0,14139.0,14472.0,15143.0,16173.0,15532.0,16633.0,16633.0
Premià de Mar,490157,71078.0,65679.0,65191.0,65082.0,66393.0,68837.0,70836.0,70836.0
"Preses, les",26733,19266.0,19433.0,19033.0,19764.0,18913.0,18880.0,20723.0,20723.0
Puigcerdà,117195,54419.0,53464.0,54337.0,58856.0,60276.0,64124.0,65790.0,65790.0
Puigpelat,14486,1514587.0,1430128.0,1431744.0,1467311.0,1516858.0,1555825.0,1618331.0,1618331.0
Puig-reig,69808,18807.0,17454.0,17642.0,16537.0,16921.0,17155.0,14254.0,14254.0
Puigverd de Lleida,19612,32636.0,30050.0,29278.0,29797.0,29666.0,30597.0,31346.0,31346.0
Quart,56034,58195.0,56614.0,58153.0,59847.0,58765.0,62424.0,64902.0,64902.0
Reus,1533219,25159.0,24545.0,25163.0,25622.0,26012.0,27136.0,27503.0,27503.0
Riba-roja d'Ebre,18227,177303.0,168137.0,167614.0,169182.0,170647.0,179115.0,173521.0,173521.0
Ribes de Freser,32629,582308.0,553924.0,561806.0,584170.0,583203.0,587959.0,604754.0,604754.0
Riells i Viabrea,59454,32098.0,30781.0,30090.0,30710.0,33826.0,35988.0,65453.0,65453.0
"Riera de Gaià, la",25403,17462.0,16448.0,16085.0,17109.0,16666.0,17065.0,17988.0,17988.0
Ripoll,173358,17263.0,17192.0,17693.0,18524.0,19197.0,19439.0,20441.0,20441.0
Ripollet,574877,35507.0,32641.0,33358.0,34960.0,35557.0,35546.0,35632.0,35632.0
Riudarenes,30936,84161.0,85752.0,85313.0,87343.0,83712.0,85864.0,89478.0,89478.0
Riudecanyes,17738,184738.0,174957.0,177744.0,186497.0,189051.0,193315.0,201928.0,201928.0
Riudecols,17166,92544.0,85835.0,85103.0,89099.0,82989.0,88192.0,97204.0,97204.0
Riudellots de la Selva,34371,93687.0,90656.0,90381.0,92835.0,95921.0,98799.0,102800.0,102800.0
Riudoms,85136,106713.0,102851.0,102151.0,105792.0,104270.0,105433.0,110389.0,110389.0
"Roca del Vallès, la",183504,213445.0,209047.0,210947.0,216699.0,231364.0,235851.0,244999.0,244999.0
Roda de Berà,94523,42637.0,41459.0,40931.0,42725.0,43060.0,43584.0,45944.0,45944.0
Roda de Ter,92524,1153188.0,1089084.0,1100829.0,1152776.0,1175359.0,1185213.0,1226351.0,1226351.0
Roquetes,112960,3463691.0,3237298.0,3272069.0,3400169.0,3499380.0,3578207.0,3688640.0,3688640.0
Roses,217846,112903.0,108394.0,110285.0,109648.0,109720.0,112407.0,114404.0,114404.0
Rosselló,44659,316818.0,300539.0,305240.0,313418.0,326334.0,338314.0,355186.0,355186.0
Rubí,1144641,338100.0,315427.0,315695.0,323448.0,336050.0,348093.0,364022.0,364022.0
Sabadell,3438017,521980.0,504329.0,508924.0,524316.0,523500.0,524286.0,540888.0,540888.0
Sallent,109960,429081.0,411799.0,420073.0,436090.0,432113.0,430702.0,439392.0,439392.0
Salou,313691,198961.0,185782.0,190717.0,200559.0,208644.0,210005.0,233185.0,233185.0
Salt,347296,97400.0,94939.0,94847.0,99856.0,104178.0,110432.0,115914.0,115914.0
Sant Adrià de Besòs,518685,1334419.0,1248207.0,1289062.0,1340423.0,1342559.0,1345902.0,1374941.0,1374941.0
Sant Andreu de la Barca,423941,180509.0,168243.0,164930.0,171638.0,177475.0,181980.0,193280.0,193280.0
Sant Andreu de Llavaneres,201403,56308.0,52924.0,52671.0,57815.0,56046.0,57623.0,59138.0,59138.0
Sant Antoni de Vilamajor,99114,263686.0,248803.0,252728.0,261444.0,268702.0,276439.0,285623.0,285623.0
Sant Bartomeu del Grau,0,66541.0,64259.0,66944.0,70594.0,70660.0,71530.0,73046.0,73046.0
Sant Boi de Llobregat,1314030,1882844.0,1770630.0,1807382.0,1968336.0,2108393.0,2164833.0,2251844.0,2251844.0
Sant Carles de la Ràpita,181006,40374.0,40182.0,40088.0,43967.0,44850.0,49820.0,51207.0,51207.0
Sant Cebrià de Vallalta,58119,132604.0,127764.0,130655.0,138260.0,137025.0,139923.0,147897.0,147897.0
Sant Celoni,262344,90866.0,84713.0,85659.0,90103.0,91490.0,96837.0,100476.0,100476.0
Sant Climent de Llobregat,66734,294697.0,274956.0,276438.0,281952.0,294363.0,308489.0,310625.0,310625.0
Sant Cugat del Vallès,1926726,781395.0,753949.0,765870.0,803140.0,826000.0,831514.0,843278.0,843278.0
Sant Esteve de Palautordera,42473,20993.0,19902.0,19536.0,20141.0,20833.0,21674.0,21854.0,21854.0
Sant Esteve Sesrovires,129628,149568.0,147990.0,151542.0,159192.0,158906.0,161293.0,165089.0,165089.0
Sant Feliu de Codines,92626,157804.0,140864.0,141295.0,184092.0,157295.0,160361.0,183714.0,183714.0
Sant Feliu de Guíxols,304777,57998.0,57411.0,57697.0,61031.0,62547.0,68637.0,70566.0,70566.0
Sant Feliu de Llobregat,770587,15416.0,14009.0,13896.0,14783.0,14534.0,14953.0,15346.0,15346.0
Sant Feliu de Pallerols,20910,81509.0,76611.0,77726.0,78406.0,80087.0,82844.0,85307.0,85307.0
Sant Fost de Campsentelles,146949,57508.0,53279.0,54116.0,56050.0,57624.0,59393.0,61057.0,61057.0
Sant Fruitós de Bages,143927,19404.0,18041.0,19006.0,19255.0,19631.0,21112.0,21999.0,21999.0
Sant Gregori,57336,40208.0,40099.0,38922.0,40510.0,39483.0,43149.0,45106.0,45106.0
Sant Guim de Freixenet,16059,34020.0,34604.0,34149.0,34474.0,34906.0,35593.0,38071.0,38071.0
Sant Hilari Sacalm,80833,60246.0,57902.0,56836.0,56195.0,56325.0,58472.0,57566.0,57566.0
Sant Hipòlit de Voltregà,55363,166782.0,161280.0,163143.0,167281.0,169449.0,172281.0,176024.0,176024.0
Sant Iscle de Vallalta,19537,618955.0,595785.0,609446.0,640671.0,644515.0,647660.0,655779.0,655779.0
Sant Jaume d'Enveja,41719,46938.0,45611.0,47079.0,48073.0,50022.0,50712.0,53294.0,53294.0
Sant Jaume dels Domenys,34553,56339.0,55432.0,56696.0,58398.0,59154.0,60170.0,62323.0,62323.0
Sant Joan de les Abadesses,60610,53133.0,50328.0,52310.0,55081.0,57558.0,61394.0,61500.0,61500.0
Sant Joan de Vilatorrada,167891,20214.0,19461.0,21249.0,21047.0,22624.0,22143.0,22101.0,22101.0
Sant Joan Despí,618413,386214.0,359812.0,369887.0,411031.0,437169.0,432672.0,517444.0,517444.0
Sant Joan les Fonts,47527,42380.0,39341.0,40728.0,43522.0,45813.0,43259.0,43106.0,43106.0
Sant Julià de Ramis,56789,36378.0,34806.0,35517.0,36374.0,36072.0,37506.0,39070.0,39070.0
Sant Julià de Vilatorta,52546,14882.0,14472.0,14231.0,16256.0,15236.0,16395.0,17081.0,17081.0
Sant Julià del Llor i Bonmatí,19886,17821.0,16999.0,17141.0,18727.0,19299.0,20077.0,21457.0,21457.0
Sant Just Desvern,397762,47175.0,43814.0,44298.0,44706.0,47039.0,46782.0,49848.0,49848.0
Sant Llorenç d'Hortons,41543,451043.0,421379.0,431819.0,456173.0,467632.0,476269.0,494436.0,494436.0
Sant Llorenç Savall,35645,38496.0,36889.0,37699.0,37491.0,37091.0,37710.0,39115.0,39115.0
Sant Martí de Centelles,14500,39134.0,37497.0,36965.0,38515.0,38958.0,40885.0,42258.0,42258.0
Sant Martí de Tous,17885,74252.0,70105.0,71146.0,74283.0,74767.0,76221.0,80002.0,80002.0
Sant Martí Sarroca,48371,23234.0,22537.0,22865.0,23374.0,24350.0,26551.0,27907.0,27907.0
Sant Pere de Ribes,460076,94248.0,84146.0,84825.0,87682.0,91469.0,92964.0,100193.0,100193.0
Sant Pere de Riudebitlles,38949,31018.0,28179.0,27353.0,28144.0,28222.0,29841.0,32849.0,32849.0
Sant Pere de Torelló,38883,34698.0,33512.0,33433.0,34137.0,34570.0,31057.0,36912.0,36912.0
Sant Pere de Vilamajor,72975,411451.0,395457.0,398571.0,425784.0,438164.0,436315.0,453872.0,453872.0
Sant Pere Pescador,24886,214482.0,203681.0,209600.0,212633.0,223883.0,220162.0,226605.0,226605.0
Sant Pol de Mar,95111,47340.0,45357.0,46108.0,49018.0,49548.0,50845.0,53165.0,53165.0
Sant Quintí de Mediona,31701,130485.0,124395.0,124977.0,129190.0,128607.0,134174.0,138779.0,138779.0
Sant Quirze de Besora,34548,122885.0,119814.0,116825.0,128357.0,138049.0,135875.0,144495.0,144495.0
Sant Quirze del Vallès,410842,34650.0,33017.0,33950.0,34651.0,39512.0,36314.0,43501.0,43501.0
Sant Sadurní d'Anoia,220545,424136.0,403777.0,409051.0,425719.0,443503.0,438382.0,452769.0,452769.0
Sant Salvador de Guardiola,46822,46574.0,45470.0,44442.0,45639.0,44689.0,46010.0,48272.0,48272.0
Sant Vicenç de Castellet,131465,143646.0,140298.0,140696.0,148775.0,147521.0,147297.0,149584.0,149584.0
Sant Vicenç de Montalt,134108,172305.0,167082.0,168037.0,181204.0,182036.0,193231.0,196542.0,196542.0
Sant Vicenç de Torelló,34167,1672243.0,1581087.0,1590455.0,1635075.0,1634424.0,1639007.0,1684866.0,1684866.0
Sant Vicenç dels Horts,420830,44189.0,39468.0,39311.0,39364.0,40219.0,43143.0,42798.0,42798.0
Santa Bàrbara,48865,70660.0,69301.0,69143.0,70724.0,74121.0,77598.0,84453.0,84453.0
Santa Coloma de Cervelló,144215,36325.0,34369.0,34975.0,37325.0,36839.0,36896.0,38706.0,38706.0
Santa Coloma de Farners,169953,19357.0,18628.0,18964.0,20242.0,21189.0,23946.0,24560.0,24560.0
Santa Coloma de Gramenet,1657989,117651.0,109831.0,113576.0,120611.0,120998.0,127253.0,135852.0,135852.0
Santa Coloma de Queralt,45699,116093.0,102621.0,104539.0,109821.0,113409.0,116000.0,120307.0,120307.0
Santa Cristina d'Aro,76824,111987.0,107179.0,109625.0,112521.0,113790.0,118165.0,120683.0,120683.0
Santa Eugènia de Berga,34797,18279.0,15911.0,16303.0,16712.0,16430.0,17695.0,18000.0,18000.0
Santa Eulàlia de Riuprimer,18869,138906.0,133311.0,135357.0,141258.0,145505.0,154043.0,156600.0,156600.0
Santa Eulàlia de Ronçana,118833,42528.0,39944.0,39906.0,40645.0,41051.0,42209.0,44328.0,44328.0
Santa Margarida de Montbui,125534,28201.0,26087.0,26059.0,26323.0,26475.0,28850.0,27622.0,27622.0
Santa Margarida i els Monjos,99692,409428.0,393075.0,394601.0,412352.0,409449.0,410049.0,417790.0,417790.0
Santa Maria d'Oló,18335,51236.0,47582.0,48412.0,52806.0,51264.0,53356.0,55031.0,55031.0
Santa Maria de Palautordera,138821,127000.0,120477.0,122290.0,127138.0,126527.0,131939.0,134888.0,134888.0
Santa Oliva,41661,21814.0,20639.0,20669.0,20361.0,20362.0,21341.0,21919.0,21919.0
Santa Pau,27202,80139.0,77808.0,79504.0,87575.0,83855.0,84793.0,87946.0,87946.0
Santa Perpètua de Mogoda,407304,-81162.0,28502.0,29236.0,29193.0,27177.0,26922.0,28038.0,28038.0
Santa Susanna,50636,81970.0,79441.0,79368.0,80996.0,81902.0,83184.0,86590.0,86590.0
Santpedor,127143,70070.0,62437.0,60843.0,62111.0,63005.0,65876.0,68417.0,68417.0
Sarral,21586,135791.0,130714.0,133711.0,139340.0,142689.0,150545.0,157421.0,157421.0
Sarrià de Ter,79641,17046.0,15954.0,15941.0,16096.0,16991.0,17374.0,18325.0,18325.0
"Secuita, la",26325,22470.0,23967.0,23892.0,24149.0,22014.0,23512.0,24041.0,24041.0
"Selva del Camp, la",82876,170742.0,155537.0,154431.0,154983.0,159324.0,163808.0,168431.0,168431.0
"Sénia, la",70502,55950.0,54705.0,55747.0,57893.0,59734.0,62326.0,63814.0,63814.0
Sentmenat,130381,80913.0,78544.0,80413.0,83680.0,85365.0,88502.0,91667.0,91667.0
Serinyà,16523,503249.0,473663.0,483712.0,511932.0,544864.0,586667.0,624165.0,624165.0
Seròs,21795,127501.0,123535.0,119012.0,121090.0,121060.0,127701.0,133240.0,133240.0
"Seu d'Urgell, la",175673,33897.0,30890.0,30537.0,31211.0,31216.0,34126.0,34620.0,34620.0
Seva,55817,22407.0,22894.0,22631.0,22987.0,21669.0,23834.0,24770.0,24770.0
Sils,77842,49400.0,46102.0,46561.0,48499.0,48074.0,49345.0,50840.0,50840.0
Sitges,508719,102601.0,97269.0,97481.0,99539.0,99739.0,101699.0,101982.0,101982.0
Solsona,126874,102586.0,99049.0,98156.0,103114.0,106324.0,112639.0,118103.0,118103.0
Sort,35388,2140146.0,1987755.0,2002660.0,2038409.0,2116063.0,2106516.0,2159948.0,2159948.0
Soses,22360,228226.0,212547.0,212928.0,218537.0,222903.0,233924.0,240583.0,240583.0
Subirats,48922,143463.0,128846.0,126080.0,136199.0,142413.0,147420.0,154987.0,154987.0
Súria,98915,19016.0,18855.0,18249.0,18766.0,18367.0,18996.0,18943.0,18943.0
Taradell,99812,3438994.0,3194812.0,3272889.0,3408775.0,3519076.0,3594587.0,3698357.0,3698357.0
Tarragona,2217785,176153.0,170845.0,173075.0,186679.0,198003.0,195926.0,204006.0,204006.0
Tàrrega,232786,23654.0,22267.0,21749.0,22384.0,21910.0,22065.0,23015.0,23015.0
Teià,141899,111081.0,124881.0,125896.0,131884.0,132837.0,138641.0,142696.0,142696.0
Térmens,19456,18480.0,17829.0,17584.0,18169.0,18766.0,19386.0,19391.0,19391.0
Terrassa,3422323,210330.0,200978.0,202344.0,212013.0,213587.0,225522.0,238845.0,238845.0
Tiana,180175,219346.0,211182.0,213011.0,219908.0,232147.0,240857.0,249545.0,249545.0
Tivissa,24093,57652.0,53384.0,54009.0,56020.0,57007.0,57082.0,59202.0,59202.0
Tona,127549,219257.0,205016.0,200106.0,204233.0,206703.0,213005.0,226398.0,226398.0
Torà,19141,65440.0,66013.0,64690.0,67344.0,68752.0,69480.0,72363.0,72363.0
Tordera,207892,28422.0,29485.0,28507.0,29241.0,26689.0,27937.0,29221.0,29221.0
Torelló,217284,24241.0,22621.0,22208.0,24323.0,23449.0,24458.0,25343.0,25343.0
"Torre de Claramunt, la",56112,28909.0,27023.0,26797.0,27428.0,27987.0,29681.0,29824.0,29824.0
Torredembarra,220494,99378.0,99132.0,100419.0,104037.0,104879.0,108301.0,114371.0,114371.0
Torrefarrera,66686,26475.0,27788.0,27754.0,28287.0,25913.0,26993.0,28029.0,28029.0
Torregrossa,29187,147627.0,140860.0,142004.0,142994.0,149781.0,154882.0,159786.0,159786.0
Torrelavit,24740,475288.0,444922.0,439795.0,435442.0,456082.0,472000.0,487282.0,487282.0
Torrelles de Foix,30110,77657.0,70805.0,70950.0,69899.0,72284.0,73832.0,75040.0,75040.0
Torrelles de Llobregat,99634,94714.0,89072.0,86610.0,87176.0,86521.0,87891.0,89212.0,89212.0
Torres de Segre,26048,12411.0,12454.0,13067.0,13679.0,13319.0,14899.0,14878.0,14878.0
Torroella de Montgrí,149115,33524.0,32745.0,32944.0,35977.0,35358.0,37415.0,39095.0,39095.0
Tortosa,503586,74075.0,70858.0,69802.0,69402.0,70709.0,72833.0,78700.0,78700.0
Tossa de Mar,80455,94200.0,91935.0,93046.0,96744.0,98115.0,105783.0,114684.0,114684.0
Tremp,95764,49059.0,48037.0,47600.0,49173.0,51948.0,54161.0,54966.0,54966.0
Ullà,12926,22906.0,23078.0,22811.0,23437.0,24640.0,24928.0,25437.0,25437.0
Ullastrell,33808,15181.0,15387.0,14561.0,13907.0,13434.0,15382.0,16344.0,16344.0
Ulldecona,76981,22991.0,21559.0,22002.0,22512.0,22454.0,22963.0,23728.0,23728.0
Vacarisses,95410,25271.0,26586.0,25502.0,25277.0,24881.0,26169.0,27489.0,27489.0
"Vall d'en Bas, la",49468,42042.0,42059.0,41334.0,45179.0,44405.0,47219.0,50117.0,50117.0
"Vall de Bianya, la",21073,245124.0,231368.0,235152.0,247895.0,245725.0,254382.0,267772.0,267772.0
"Vall de Boí, la",16220,26943.0,24824.0,24943.0,26435.0,26391.0,27475.0,27649.0,27649.0
Vallbona d'Anoia,22261,50858.0,48203.0,49079.0,54849.0,65317.0,55884.0,58625.0,58625.0
Vallfogona de Balaguer,25228,375268.0,351740.0,354784.0,360333.0,375859.0,381985.0,389981.0,389981.0
Vallgorguina,42244,85829.0,84686.0,84534.0,88927.0,90172.0,91397.0,96367.0,96367.0
Vallirana,235755,517477.0,486877.0,480861.0,496940.0,512377.0,528567.0,554759.0,554759.0
Vallmoll,28723,17018.0,16846.0,17304.0,17204.0,17872.0,18733.0,18422.0,18422.0
Vallromanes,51151,652701.0,622782.0,640590.0,663275.0,706278.0,765019.0,744398.0,744398.0
Valls,375353,108598.0,107206.0,107001.0,109894.0,110358.0,113236.0,117926.0,117926.0
Vandellòs i l'Hospitalet de l'Infant,86120,76495.0,72145.0,72375.0,74333.0,78800.0,82652.0,86542.0,86542.0
"Vendrell, el",512560,44929.0,43958.0,44221.0,45727.0,47808.0,51337.0,53944.0,53944.0
Verdú,0,1079262.0,1035324.0,1058652.0,1095561.0,1088536.0,1087739.0,1131813.0,1131813.0
Verges,18006,130251.0,125655.0,124341.0,131080.0,133493.0,136220.0,141684.0,141684.0
Vic,649477,17739.0,16521.0,17102.0,17360.0,17749.0,18395.0,18803.0,18803.0
Vidreres,108638,78033.0,76715.0,76189.0,77933.0,81478.0,83895.0,84899.0,84899.0
Vielha e Mijaran,78013,628649.0,582658.0,588835.0,598185.0,618789.0,634111.0,656026.0,656026.0
Vilablareix,43574,15157.0,14763.0,14915.0,15885.0,16182.0,16846.0,17534.0,17534.0
Viladecans,1057619,32725.0,30800.0,31077.0,32892.0,33384.0,34516.0,36018.0,36018.0
Viladecavalls,128576,16694.0,16522.0,16489.0,15969.0,15830.0,16931.0,17391.0,17391.0
Viladrau,17643,15376.0,15361.0,15707.0,15922.0,15915.0,16693.0,16999.0,16999.0
Vilafant,78128,15651.0,15394.0,15065.0,15592.0,14515.0,14954.0,15552.0,15552.0
Vilafranca del Penedès,633638,164984.0,154083.0,156366.0,162701.0,163661.0,168239.0,176228.0,176228.0
Vilajuïga,16082,92853.0,91699.0,92740.0,100448.0,103542.0,108900.0,110983.0,110983.0
Vilallonga del Camp,31985,1032534.0,960147.0,976808.0,1023111.0,1052222.0,1080803.0,1112727.0,1112727.0
Vilamalla,16206,16808.0,16242.0,16232.0,15957.0,16549.0,17425.0,18234.0,18234.0
Vilanova de Bellpuig,15586,290798.0,279383.0,284928.0,290013.0,295760.0,293192.0,307761.0,307761.0
Vilanova de la Barca,16200,172496.0,161297.0,165065.0,170726.0,179149.0,179108.0,186518.0,186518.0
Vilanova del Camí,163168,386770.0,367934.0,372829.0,391681.0,400900.0,419067.0,422372.0,422372.0
Vilanova del Vallès,92863,52080.0,49976.0,49355.0,54161.0,53982.0,52365.0,55239.0,55239.0
Vilanova i la Geltrú,1047236,19115.0,17340.0,17770.0,19044.0,18192.0,18333.0,18039.0,18039.0
Vila-rodona,17647,28396.0,27119.0,26835.0,28536.0,28309.0,30026.0,32030.0,32030.0
Vila-seca,289664,16331.0,16028.0,15350.0,15807.0,16008.0,16407.0,16855.0,16855.0
Vilassar de Dalt,182762,125133109.0,117976482.0,118908304.0,123798363.0,126913853.0,129826636.0,133679103.0,133679103.0
Vilassar de Mar,389349,,,,,,,,
Vilobí d'Onyar,48824,,,,,,,,
Vilobí del Penedès,18227,,,,,,,,
Vinyols i els Arcs,28405,,,,,,,,
Xerta,17340,,,,,,,,
Catalunya,125513875,,,,,,,,
